2024-05-31T07:00:00Z,0,0,0,0,5
2024-05-31T07:15:00Z,0,0,0,0,5
2024-05-31T07:30:00Z,0,0,0,0,5
2024-05-31T07:45:00Z,0,0,0,0,5
2024-05-31T08:00:01Z,0,0,0,0,5
2024-05-31T08:15:16Z,0,0,0,0,5
2024-05-31T08:30:00Z,0,0,0,0,5
2024-05-31T08:45:01Z,0,0,0,0,5
2024-05-31T09:00:21Z,0,0,0,0,5
2024-05-31T09:15:00Z,0,0,0,0,5
2024-05-31T09:30:00Z,0,0,0,0,5
2024-05-31T09:45:00Z,0,0,0,0,5
2024-05-31T10:00:01Z,0,0,0,0,5
2024-05-31T10:15:00Z,0,0,0,0,5
2024-05-31T10:30:00Z,0,0,0,0,5
2024-05-31T10:45:00Z,0,0,0,0,5
2024-05-31T11:00:00Z,0,0,0,0,5
2024-05-31T11:15:01Z,0,0,0,0,5
2024-05-31T11:30:00Z,0,0,0,0,5
2024-05-31T11:45:00Z,0,0,0,0,5
2024-05-31T12:00:10Z,0,0,0,0,5
2024-05-31T12:15:00Z,0,0,0,0,5
2024-05-31T12:30:01Z,0,0,0,0,5
2024-05-31T12:45:00Z,0,0,0,0,5
2024-05-31T13:00:00Z,0,0,0,0,5
2024-05-31T13:15:00Z,0,0,0,0,5
2024-05-31T13:30:00Z,0,0,0,0,5
2024-05-31T13:45:01Z,0,0,0,0,5
2024-05-31T14:00:09Z,0,0,0,0,5
2024-05-31T14:15:01Z,0,0,0,0,5
2024-05-31T14:30:00Z,0,0,0,0,5
2024-05-31T14:45:00Z,0,0,0,0,5
2024-05-31T15:00:00Z,0,0,0,0,5
2024-05-31T15:15:00Z,0,0,0,0,5
2024-05-31T15:30:01Z,0,0,0,0,5
2024-05-31T15:45:00Z,0,0,0,0,5
2024-05-31T16:00:00Z,0,0,0,0,5
2024-05-31T16:15:00Z,0,0,0,0,5
2024-05-31T16:30:00Z,0,0,0,0,5
2024-05-31T16:45:07Z,0,0,0,0,5
2024-05-31T17:00:24Z,0,0,0,0,5
2024-05-31T17:15:01Z,0,0,0,0,5
2024-05-31T17:30:00Z,0,0,0,0,5
2024-05-31T17:45:00Z,0,0,0,0,5
2024-05-31T18:00:00Z,0,0,0,0,5
2024-05-31T18:15:00Z,0,0,0,0,5
2024-05-31T18:30:01Z,0,0,0,0,5
2024-05-31T18:45:10Z,0,0,0,0,5
2024-05-31T19:00:00Z,0,0,0,0,5
2024-05-31T19:15:01Z,0,0,0,0,5
2024-05-31T19:30:00Z,0,0,0,0,5
2024-05-31T19:45:00Z,0,0,0,0,5
2024-05-31T20:00:00Z,0,0,0,0,5
2024-05-31T20:15:00Z,0,0,0,0,5
2024-05-31T20:30:01Z,0,0,0,0,5
2024-05-31T20:45:00Z,0,0,0,0,5
2024-05-31T21:00:00Z,0,0,0,0,5
2024-05-31T21:15:00Z,0,0,0,0,5
2024-05-31T21:30:00Z,0,0,0,0,5
2024-05-31T21:45:14Z,0,0,0,0,5
2024-05-31T22:00:00Z,0,0,0,0,5
2024-05-31T22:15:00Z,0,0,0,0,5
2024-05-31T22:30:01Z,0,0,0,0,5
2024-05-31T22:45:09Z,0,0,0,0,5
2024-05-31T23:00:00Z,0,0,0,0,5
2024-05-31T23:15:01Z,0,0,0,0,5
2024-05-31T23:30:00Z,0,0,0,0,5
2024-05-31T23:45:00Z,0,0,0,0,5
2024-06-01T00:00:00Z,0,0,0,0,5
2024-06-01T00:15:00Z,0,0,0,0,5
2024-06-01T00:30:10Z,0,0,0,0,5
2024-06-01T00:45:00Z,0,0,0,0,5
2024-06-01T01:00:00Z,0,0,0,0,5
2024-06-01T01:15:00Z,0,0,0,0,5
2024-06-01T01:30:00Z,0,0,0,0,5
2024-06-01T01:45:15Z,0,0,0,0,5
2024-06-01T02:00:00Z,0,0,0,0,5
2024-06-01T02:15:00Z,0,0,0,0,5
2024-06-01T02:30:00Z,0,0,0,0,5
2024-06-01T02:45:00Z,0,0,0,0,5
2024-06-01T03:00:01Z,0,0,0,0,5
2024-06-01T03:15:00Z,0,0,0,0,5
2024-06-01T03:30:00Z,0,0,0,0,5
2024-06-01T03:41:54Z,0,0,0,0,5
2024-06-01T03:43:38Z,0,0,0,0,5
2024-06-01T03:45:13Z,0,0,0,0,5
2024-06-01T04:00:00Z,0,0,0,0,5
2024-06-01T04:15:00Z,0,0,0,0,5
2024-06-01T04:30:00Z,0,0,0,0,5
2024-06-01T04:45:01Z,0,0,0,0,5
2024-06-01T05:00:00Z,0,0,0,0,5
2024-06-01T05:15:00Z,0,0,0,0,5
2024-06-01T05:30:00Z,0,0,0,0,5
2024-06-01T05:45:00Z,0,0,0,0,5
2024-06-01T06:00:01Z,0,0,0,0,5
2024-06-01T06:15:00Z,0,0,0,0,5
2024-06-01T08:00:01Z,0,0,0,0,5
2024-06-01T08:15:20Z,0,0,0,0,5
2024-06-01T11:00:01Z,0,0,0,0,5
2024-06-01T12:15:01Z,0,0,0,0,5
2024-06-01T17:45:01Z,0,0,0,0,5
2024-06-01T18:00:07Z,0,0,0,0,5
2024-06-01T20:00:00Z,0,0,0,0,5
2024-06-01T20:15:10Z,0,0,0,0,5
2024-06-01T22:45:00Z,0,0,0,0,5
2024-06-01T23:00:00Z,0,0,0,0,5
2024-06-01T23:15:01Z,0,0,0,0,5
2024-06-01T23:30:00Z,0,0,0,0,5
2024-06-01T23:45:00Z,0,0,0,0,5
2024-06-02T00:00:00Z,0,0,0,0,5
2024-06-02T00:15:00Z,0,0,0,0,5
2024-06-02T00:30:01Z,0,0,0,0,5
2024-06-02T00:45:00Z,0,0,0,0,5
2024-06-02T01:00:00Z,0,0,0,0,5
2024-06-02T01:15:00Z,0,0,0,0,5
2024-06-02T01:30:00Z,0,0,0,0,5
2024-06-02T01:45:01Z,0,0,0,0,5
2024-06-02T01:48:19Z,0,0,0,0,5
2024-06-02T01:53:51Z,0,0,0,0,5
2024-06-02T02:00:00Z,0,0,0,0,5
2024-06-02T02:15:00Z,0,0,0,0,5
2024-06-02T02:30:00Z,0,0,0,0,5
2024-06-02T02:45:00Z,0,0,0,0,5
2024-06-02T03:00:00Z,0,0,0,0,5
2024-06-02T03:15:00Z,0,0,0,0,5
2024-06-02T03:30:01Z,0,0,0,0,5
2024-06-02T03:45:09Z,0,0,0,0,5
2024-06-02T04:00:00Z,0,0,0,0,5
2024-06-02T04:15:00Z,0,0,0,0,5
2024-06-02T04:30:00Z,0,0,0,0,5
2024-06-02T04:45:01Z,0,0,0,0,5
2024-06-02T05:00:22Z,0,0,0,0,5
2024-06-02T05:15:00Z,0,0,0,0,5
2024-06-02T05:30:00Z,0,0,0,0,5
2024-06-02T05:45:00Z,0,0,0,0,5
2024-06-02T06:00:01Z,0,0,0,0,5
2024-06-02T06:15:00Z,0,0,0,0,5
2024-06-02T06:30:00Z,0,0,0,0,5
2024-06-02T06:45:00Z,0,0,0,0,5
2024-06-02T07:00:00Z,0,0,0,0,5
2024-06-02T07:15:01Z,0,0,0,0,5
2024-06-02T07:30:00Z,0,0,0,0,5
2024-06-02T07:45:00Z,0,0,0,0,5
2024-06-02T08:00:00Z,0,0,0,0,5
2024-06-02T08:15:00Z,0,0,0,0,5
2024-06-02T08:30:01Z,0,0,0,0,5
2024-06-02T08:45:00Z,0,0,0,0,5
2024-06-02T09:00:00Z,0,0,0,0,5
2024-06-02T09:15:00Z,0,0,0,0,5
2024-06-02T09:30:00Z,0,0,0,0,5
2024-06-02T09:45:00Z,0,0,0,0,5
2024-06-02T10:01:31Z,0,0,0,0,5
2024-06-02T10:15:00Z,0,0,0,0,5
2024-06-02T10:30:00Z,0,0,0,0,5
2024-06-02T10:45:00Z,0,0,0,0,5
2024-06-02T11:00:01Z,0,0,0,0,5
2024-06-02T11:15:21Z,0,0,0,0,5
2024-06-02T11:30:00Z,0,0,0,0,5
2024-06-02T11:45:01Z,0,0,0,0,5
2024-06-02T12:00:01Z,0,0,0,0,5
2024-06-02T12:15:00Z,0,0,0,0,5
2024-06-02T12:30:00Z,0,0,0,0,5
2024-06-02T12:45:00Z,0,0,0,0,5
2024-06-02T13:00:00Z,0,0,0,0,5
2024-06-02T13:15:01Z,0,0,0,0,5
2024-06-02T13:30:00Z,0,0,0,0,5
2024-06-02T13:45:09Z,0,0,0,0,5
2024-06-02T14:00:00Z,0,0,0,0,5
2024-06-02T14:15:19Z,0,0,0,0,5
2024-06-02T14:30:01Z,0,0,0,0,5
2024-06-02T14:45:00Z,0,0,0,0,5
2024-06-02T15:00:00Z,0,0,0,0,5
2024-06-02T15:15:00Z,0,0,0,0,5
2024-06-02T16:15:00Z,0,0,0,0,5
2024-06-02T16:30:16Z,0,0,0,0,5
2024-06-02T17:30:00Z,0,0,0,0,5
2024-06-02T22:00:00Z,0,0,0,0,5
2024-06-02T22:45:00Z,0,0,0,0,5
2024-06-03T05:00:01Z,0,0,0,0,5
2024-06-03T06:45:00Z,0,0,0,0,5
2024-06-03T07:45:00Z,0,0,0,0,5
2024-06-03T08:00:11Z,0,0,0,0,5
2024-06-03T11:00:00Z,0,0,0,0,5
2024-06-03T12:00:00Z,0,0,0,0,5
2024-06-03T14:45:00Z,0,0,0,0,5
2024-06-03T16:00:00Z,0,0,0,0,5
2024-06-03T16:15:00Z,0,0,0,0,5
2024-06-03T16:30:00Z,0,0,0,0,5
2024-06-03T16:45:05Z,0,0,0,0,5
2024-06-03T17:00:00Z,0,0,0,0,5
2024-06-03T17:15:00Z,0,0,0,0,5
2024-06-03T17:30:00Z,0,0,0,0,5
2024-06-03T17:45:01Z,0,0,0,0,5
2024-06-03T18:00:00Z,0,0,0,0,5
2024-06-03T18:15:10Z,0,0,0,0,5
2024-06-03T18:30:00Z,0,0,0,0,5
2024-06-03T18:45:00Z,0,0,0,0,5
2024-06-03T19:00:01Z,0,0,0,0,5
2024-06-03T19:15:00Z,0,0,0,0,5
2024-06-03T19:30:00Z,0,0,0,0,5
2024-06-03T19:45:00Z,0,0,0,0,5
2024-06-03T20:00:08Z,0,0,0,0,5
2024-06-03T20:15:00Z,0,0,0,0,5
2024-06-03T20:30:00Z,0,0,0,0,5
2024-06-03T20:45:00Z,0,0,0,0,5
2024-06-03T21:00:00Z,0,0,0,0,5
2024-06-03T21:15:01Z,0,0,0,0,5
2024-06-03T21:30:00Z,0,0,0,0,5
2024-06-03T21:45:00Z,0,0,0,0,5
2024-06-03T22:00:00Z,0,0,0,0,5
2024-06-03T22:03:14Z,0,0,0,0,5
2024-06-03T22:05:42Z,0,0,0,0,5
2024-06-03T22:15:00Z,0,0,0,0,5
2024-06-03T22:30:00Z,0,0,0,0,5
2024-06-03T22:45:01Z,0,0,0,0,5
2024-06-03T23:00:00Z,0,0,0,0,5
2024-06-03T23:15:00Z,0,0,0,0,5
2024-06-03T23:30:00Z,0,0,0,0,5
2024-06-03T23:45:01Z,0,0,0,0,5
2024-06-04T00:00:00Z,0,0,0,0,5
2024-06-04T00:15:00Z,0,0,0,0,5
2024-06-04T00:30:00Z,0,0,0,0,5
2024-06-04T00:45:00Z,0,0,0,0,5
2024-06-04T01:00:01Z,0,0,0,0,5
2024-06-04T01:15:00Z,0,0,0,0,5
2024-06-04T01:30:00Z,0,0,0,0,5
2024-06-04T01:45:16Z,0,0,0,0,5
2024-06-04T02:00:00Z,0,0,0,0,5
2024-06-04T02:15:01Z,0,0,0,0,5
2024-06-04T02:30:09Z,0,0,0,0,5
2024-06-04T02:45:00Z,0,0,0,0,5
2024-06-04T03:00:17Z,0,0,0,0,5
2024-06-04T03:15:00Z,0,0,0,0,5
2024-06-04T03:30:15Z,0,0,0,0,5
2024-06-04T03:45:01Z,0,0,0,0,5
2024-06-04T04:00:00Z,0,0,0,0,5
2024-06-04T04:15:00Z,0,0,0,0,5
2024-06-04T04:30:00Z,0,0,0,0,5
2024-06-04T04:45:00Z,0,0,0,0,5
2024-06-04T05:00:01Z,0,0,0,0,5
2024-06-04T05:15:00Z,0,0,0,0,5
2024-06-04T05:30:01Z,0,0,0,0,5
2024-06-04T05:45:00Z,0,0,0,0,5
2024-06-04T06:00:00Z,0,0,0,0,5
2024-06-04T06:15:00Z,2.4,2.4,0,0,5
2024-06-04T06:30:01Z,2.4,2.4,0,0,5
2024-06-04T06:45:04Z,2.4,2.4,0,0,5
2024-06-04T07:00:00Z,2.4,2.4,0,0,5
2024-06-04T07:15:00Z,2.4,2.4,0,0,5
2024-06-04T07:30:00Z,2.4,2.4,0,0,5
2024-06-04T07:45:11Z,2.4,2.4,0,0,5
2024-06-04T08:00:00Z,2.4,2.4,0,0,5
2024-06-04T08:15:00Z,2.4,2.4,0,0,5
2024-06-04T08:30:01Z,2.4,2.4,0,0,5
2024-06-04T08:45:00Z,2.4,2.4,0,0,5
2024-06-04T09:00:00Z,2.4,2.4,0,0,5
2024-06-04T09:15:00Z,2.4,2.4,0,0,5
2024-06-04T09:30:00Z,2.4,2.4,0,0,5
2024-06-04T09:45:01Z,2.4,2.4,0,0,5
2024-06-04T10:00:00Z,2.4,2.4,0,0,5
2024-06-04T10:15:00Z,2.4,2.4,0,0,5
2024-06-04T10:30:00Z,2.4,2.4,0,0,5
2024-06-04T10:45:00Z,2.4,2.4,0,0,5
2024-06-04T11:00:01Z,2.4,2.4,0,0,5
2024-06-04T11:15:00Z,2.4,2.4,0,0,5
2024-06-04T11:30:26Z,2.4,2.4,0,0,5
2024-06-04T11:45:00Z,2.4,2.4,0,0,5
2024-06-04T12:00:00Z,2.4,2.4,0,0,5
2024-06-04T12:15:00Z,2.4,2.4,0,0,5
2024-06-04T12:30:01Z,2.4,2.4,0,0,5
2024-06-04T12:45:00Z,2.4,2.4,0,0,5
2024-06-04T13:00:00Z,2.4,2.4,0,0,5
2024-06-04T13:15:00Z,2.4,2.4,0,0,5
2024-06-04T13:30:00Z,2.4,2.4,0,0,5
2024-06-04T13:45:00Z,2.4,2.4,0,0,5
2024-06-04T14:00:00Z,2.4,2.4,0,0,5
2024-06-04T14:15:01Z,2.4,2.4,0,0,5
2024-06-04T14:30:07Z,2.4,2.4,0,0,5
2024-06-04T14:45:00Z,2.4,2.4,0,0,5
2024-06-04T15:00:00Z,2.4,2.4,0,0,5
2024-06-04T15:15:01Z,2.4,2.4,0,0,5
2024-06-04T15:30:00Z,2.4,2.4,0,0,5
2024-06-04T15:45:00Z,2.4,2.4,0,0,5
2024-06-04T16:00:00Z,2.4,2.4,0,0,5
2024-06-04T16:15:00Z,2.4,2.4,0,0,5
2024-06-04T16:30:00Z,2.4,2.4,0,0,5
2024-06-04T16:45:00Z,2.4,2.4,0,0,5
2024-06-04T17:00:00Z,2.4,2.4,0,0,5
2024-06-04T17:15:26Z,2.4,2.4,0,0,5
2024-06-04T17:30:00Z,2.4,2.4,0,0,5
2024-06-04T17:45:01Z,2.4,2.4,0,0,5
2024-06-04T18:00:00Z,2.4,2.4,0,0,5
2024-06-04T18:15:00Z,2.4,2.4,0,0,5
2024-06-04T18:30:00Z,2.4,2.4,0,0,5
2024-06-04T18:45:19Z,2.4,2.4,0,0,5
2024-06-04T19:00:01Z,2.4,2.4,0,0,5
2024-06-04T19:15:21Z,2.4,2.4,0,0,5
2024-06-04T19:30:00Z,2.4,2.4,0,0,5
2024-06-04T19:45:00Z,2.4,2.4,0,0,5
2024-06-04T20:00:00Z,2.4,2.4,0,0,5
2024-06-04T20:09:41Z,2.4,2.4,0,0,5
2024-06-04T20:13:10Z,2.4,2.4,0,0,5
2024-06-04T20:15:00Z,2.4,2.4,0,0,5
2024-06-04T20:30:00Z,2.4,2.4,0,0,5
2024-06-04T20:45:00Z,2.4,2.4,0,0,5
2024-06-04T21:00:00Z,2.4,2.4,0,0,5
2024-06-04T21:15:00Z,2.4,2.4,0,0,5
2024-06-04T21:30:01Z,2.4,2.4,0,0,5
2024-06-04T21:45:00Z,2.4,2.4,0,0,5
2024-06-04T22:00:00Z,2.4,2.4,0,0,5
2024-06-04T22:15:00Z,2.4,2.4,0,0,5
2024-06-04T22:30:00Z,2.4,2.4,0,0,5
2024-06-04T22:45:00Z,2.4,2.4,0,0,5
2024-06-04T23:00:00Z,2.4,2.4,0,0,5
2024-06-04T23:15:03Z,2.4,2.4,0,0,5
2024-06-04T23:30:00Z,2.4,2.4,0,0,5
2024-06-04T23:45:07Z,2.4,2.4,0,0,5
2024-06-05T00:00:00Z,2.4,2.4,0,0,5
2024-06-05T00:15:00Z,2.4,2.4,0,0,5
2024-06-05T00:30:01Z,2.4,2.4,0,0,5
2024-06-05T00:45:00Z,2.4,2.4,0,0,5
2024-06-05T01:00:00Z,2.4,2.4,0,0,5
2024-06-05T01:15:00Z,2.4,2.4,0,0,5
2024-06-05T01:30:00Z,2.4,2.4,0,0,5
2024-06-05T01:45:01Z,2.4,2.4,0,0,5
2024-06-05T02:00:00Z,2.4,2.4,0,0,5
2024-06-05T02:15:00Z,2.4,2.4,0,0,5
2024-06-05T02:30:00Z,2.4,2.4,0,0,5
2024-06-05T02:45:00Z,2.4,2.4,0,0,5
2024-06-05T03:00:01Z,2.4,2.4,0,0,5
2024-06-05T03:15:22Z,2.4,2.4,0,0,5
2024-06-05T03:30:14Z,2.4,2.4,0,0,5
2024-06-05T03:45:10Z,2.4,2.4,0,0,5
2024-06-05T04:00:20Z,2.4,2.4,0,0,5
2024-06-05T04:15:18Z,2.4,2.4,0,0,5
2024-06-05T04:30:24Z,2.4,2.4,0,0,5
2024-06-05T07:00:00Z,0,0,2.4,2.4,5
2024-06-05T09:00:00Z,0,0,2.4,2.4,5
2024-06-05T09:30:01Z,0,0,2.4,2.4,5
2024-06-05T11:00:00Z,0,0,2.4,2.4,5
2024-06-05T12:30:00Z,0,0,2.4,2.4,5
2024-06-05T12:45:00Z,0,0,2.4,2.4,5
2024-06-05T13:00:01Z,0,0,2.4,2.4,5
2024-06-05T13:15:00Z,0,0,2.4,2.4,5
2024-06-05T13:30:00Z,0,0,2.4,2.4,5
2024-06-05T13:45:00Z,0,0,2.4,2.4,5
2024-06-05T14:00:00Z,0,0,2.4,2.4,5
2024-06-05T14:15:01Z,0,0,2.4,2.4,5
2024-06-05T14:30:00Z,0,0,2.4,2.4,5
2024-06-05T14:45:00Z,0,0,2.4,2.4,5
2024-06-05T15:00:00Z,0,0,2.4,2.4,5
2024-06-05T15:15:00Z,0,0,2.4,2.4,5
2024-06-05T15:30:01Z,0,0,2.4,2.4,5
2024-06-05T15:45:00Z,0,0,2.4,2.4,5
2024-06-05T16:00:11Z,0,0,2.4,2.4,5
2024-06-05T16:15:01Z,0,0,2.4,2.4,5
2024-06-05T16:30:12Z,0,0,2.4,2.4,5
2024-06-05T16:45:01Z,0,0,2.4,2.4,5
2024-06-05T17:00:00Z,0,0,2.4,2.4,5
2024-06-05T17:15:00Z,0,0,2.4,2.4,5
2024-06-05T17:30:00Z,0,0,2.4,2.4,5
2024-06-05T17:45:01Z,0,0,2.4,2.4,5
2024-06-05T18:00:01Z,0,0,2.4,2.4,5
2024-06-05T18:15:00Z,0,0,2.4,2.4,5
2024-06-05T18:17:33Z,0,0,2.4,2.4,5
2024-06-05T18:19:00Z,0,0,2.4,2.4,5
2024-06-05T18:30:08Z,0,0,2.4,2.4,5
2024-06-05T18:45:00Z,0,0,2.4,2.4,5
2024-06-05T19:00:00Z,0,0,2.4,2.4,5
2024-06-05T19:15:03Z,0,0,2.4,2.4,5
2024-06-05T19:30:01Z,0,0,2.4,2.4,5
2024-06-05T19:45:00Z,0,0,2.4,2.4,5
2024-06-05T20:00:00Z,0,0,2.4,2.4,5
2024-06-05T20:15:00Z,0,0,2.4,2.4,5
2024-06-05T20:30:00Z,0,0,2.4,2.4,5
2024-06-05T20:45:12Z,0,0,2.4,2.4,5
2024-06-05T21:00:00Z,0,0,2.4,2.4,5
2024-06-05T21:15:00Z,0,0,2.4,2.4,5
2024-06-05T21:30:01Z,0,0,2.4,2.4,5
2024-06-05T21:45:00Z,0,0,2.4,2.4,5
2024-06-05T22:00:00Z,0,0,2.4,2.4,5
2024-06-05T22:15:01Z,0,0,2.4,2.4,5
2024-06-05T22:30:00Z,0,0,2.4,2.4,5
2024-06-05T22:45:00Z,0,0,2.4,2.4,5
2024-06-05T23:00:00Z,0,0,2.4,2.4,5
2024-06-05T23:15:00Z,0,0,2.4,2.4,5
2024-06-05T23:30:01Z,0,0,2.4,2.4,5
2024-06-05T23:45:01Z,0,0,2.4,2.4,5
2024-06-06T00:00:00Z,0,0,2.4,2.4,5
2024-06-06T00:15:00Z,0,0,2.4,2.4,5
2024-06-06T00:30:00Z,1,1,2.4,2.4,5
2024-06-06T00:45:00Z,2.2,2.2,2.4,2.4,5
2024-06-06T01:00:01Z,2.2,2.2,2.4,2.4,5
2024-06-06T01:15:00Z,2.2,2.2,2.4,2.4,5
2024-06-06T01:30:00Z,2.4,2.4,2.4,2.4,5
2024-06-06T01:45:00Z,2.4,2.4,2.4,2.4,5
2024-06-06T02:00:00Z,2.4,2.4,2.4,2.4,5
2024-06-06T02:15:01Z,2.4,2.4,2.4,2.4,5
2024-06-06T02:30:00Z,2.4,2.4,2.4,2.4,5
2024-06-06T02:45:01Z,2.4,2.4,2.4,2.4,5
2024-06-06T03:00:00Z,2.4,2.4,2.4,2.4,5
2024-06-06T03:15:00Z,2.4,2.4,2.4,2.4,5
2024-06-06T03:30:01Z,2.4,2.4,2.4,2.4,5
2024-06-06T03:45:00Z,2.4,2.4,2.4,2.4,5
2024-06-06T04:00:01Z,2.4,2.4,2.4,2.4,5
2024-06-06T04:15:00Z,2.4,2.4,2.4,2.4,5
2024-06-06T04:30:00Z,2.4,2.4,2.4,2.4,5
2024-06-06T08:15:00Z,0,0,2.4,2.4,5
2024-06-06T10:00:00Z,0,0,2.4,2.4,5
2024-06-06T10:15:30Z,0,0,2.4,2.4,5
2024-06-06T20:00:00Z,0,0,2.4,2.4,5
2024-06-07T02:45:00Z,0,0,2.4,2.4,5
2024-06-07T03:30:00Z,0,0,2.4,2.4,5
2024-06-07T03:45:00Z,0,0,2.4,2.4,5
2024-06-07T04:00:00Z,0,0,2.4,2.4,5
2024-06-07T04:15:05Z,0,0,2.4,2.4,5
2024-06-07T04:30:00Z,0,0,2.4,2.4,5
2024-06-07T04:45:00Z,0,0,2.4,2.4,5
2024-06-07T05:00:00Z,0,0,2.4,2.4,5
2024-06-07T05:15:00Z,0,0,2.4,2.4,5
2024-06-07T05:30:01Z,0,0,2.4,2.4,5
2024-06-07T05:45:00Z,0,0,2.4,2.4,5
2024-06-07T06:00:16Z,0,0,0,0,5
2024-06-07T06:15:04Z,0,0,0,0,5
2024-06-07T06:30:00Z,0,0,0,0,5
2024-06-07T06:45:02Z,0,0,0,0,5
2024-06-07T07:00:07Z,0,0,0,0,5
2024-06-07T07:15:00Z,0,0,0,0,5
2024-06-07T07:30:00Z,0,0,0,0,5
2024-06-07T07:45:00Z,0,0,0,0,5
2024-06-07T08:00:00Z,0,0,0,0,5
2024-06-07T08:15:01Z,0,0,0,0,5
2024-06-07T08:30:10Z,0,0,0,0,5
2024-06-07T08:45:00Z,0,0,0,0,5
2024-06-07T09:00:00Z,0,0,0,0,5
2024-06-07T09:15:00Z,0,0,0,0,5
2024-06-07T09:30:01Z,0,0,0,0,5
2024-06-07T09:45:00Z,0,0,0,0,5
2024-06-07T10:00:00Z,0,0,0,0,5
2024-06-07T10:15:00Z,0,0,0,0,5
2024-06-07T10:30:00Z,0,0,0,0,5
2024-06-07T10:45:01Z,0,0,0,0,5
2024-06-07T11:00:00Z,0,0,0,0,5
2024-06-07T11:15:00Z,0,0,0,0,5
2024-06-07T11:30:00Z,0,0,0,0,5
2024-06-07T11:45:01Z,0,0,0,0,5
2024-06-07T12:00:00Z,0,0,0,0,5
2024-06-07T12:15:00Z,0,0,0,0,5
2024-06-07T12:30:00Z,0,0,0,0,5
2024-06-07T12:45:07Z,0,0,0,0,5
2024-06-07T13:00:00Z,0,0,0,0,5
2024-06-07T13:15:00Z,0,0,0,0,5
2024-06-07T13:30:01Z,0,0,0,0,5
2024-06-07T13:45:00Z,0,0,0,0,5
2024-06-07T14:00:00Z,0,0,0,0,5
2024-06-07T14:15:00Z,0,0,0,0,5
2024-06-07T14:25:55Z,0,0,0,0,5
2024-06-07T14:27:21Z,0,0,0,0,5
2024-06-07T14:30:00Z,0,0,0,0,5
2024-06-07T14:45:01Z,0,0,0,0,5
2024-06-07T15:00:25Z,0,0,0,0,5
2024-06-07T15:15:00Z,0,0,0,0,5
2024-06-07T15:30:00Z,0,0,0,0,5
2024-06-07T15:45:00Z,0,0,0,0,5
2024-06-07T16:00:01Z,0,0,0,0,5
2024-06-07T16:15:00Z,0,0,0,0,5
2024-06-07T16:30:33Z,0,0,0,0,5
2024-06-07T16:45:00Z,0,0,0,0,5
2024-06-07T17:00:11Z,0,0,0,0,5
2024-06-07T17:15:00Z,0,0,0,0,5
2024-06-07T17:30:00Z,0,0,0,0,5
2024-06-07T17:45:01Z,0,0,0,0,5
2024-06-07T18:00:00Z,0,0,0,0,5
2024-06-07T18:15:00Z,0,0,0,0,5
2024-06-07T18:30:00Z,0,0,0,0,5
2024-06-07T18:45:00Z,0,0,0,0,5
2024-06-07T19:00:01Z,0,0,0,0,5
2024-06-07T19:15:00Z,0,0,0,0,5
2024-06-07T19:30:00Z,0,0,0,0,5
2024-06-07T19:45:00Z,0,0,0,0,5
2024-06-07T20:00:00Z,0,0,0,0,5
2024-06-07T20:15:00Z,0,0,0,0,5
2024-06-07T20:30:01Z,0,0,0,0,5
2024-06-07T20:45:00Z,0,0,0,0,5
2024-06-07T21:00:00Z,0,0,0,0,5
2024-06-07T21:15:00Z,0,0,0,0,5
2024-06-07T21:30:00Z,0,0,0,0,5
2024-06-07T21:45:01Z,0,0,0,0,5
2024-06-07T22:00:00Z,0,0,0,0,5
2024-06-07T22:15:00Z,0,0,0,0,5
2024-06-07T22:30:00Z,0,0,0,0,5
2024-06-07T22:45:00Z,0,0,0,0,5
2024-06-07T23:00:00Z,0,0,0,0,5
2024-06-07T23:15:00Z,0,0,0,0,5
2024-06-07T23:30:00Z,0,0,0,0,5
2024-06-07T23:45:01Z,0,0,0,0,5
2024-06-08T00:00:00Z,0,0,0,0,5
2024-06-08T00:15:00Z,0,0,0,0,5
2024-06-08T00:30:00Z,0,0,0,0,5
2024-06-08T00:45:00Z,0,0,0,0,5
2024-06-08T01:00:00Z,0,0,0,0,5
2024-06-08T01:15:00Z,0,0,0,0,5
2024-06-08T01:30:00Z,0,0,0,0,5
2024-06-08T01:45:00Z,0,0,0,0,5
2024-06-08T02:00:00Z,0,0,0,0,5
2024-06-08T02:15:00Z,0,0,0,0,5
2024-06-08T02:30:01Z,0,0,0,0,5
2024-06-08T02:45:00Z,0,0,0,0,5
2024-06-08T03:00:00Z,0,0,0,0,5
2024-06-08T03:15:00Z,0,0,0,0,5
2024-06-08T03:30:00Z,0,0,0,0,5
2024-06-08T03:45:14Z,0,0,0,0,5
2024-06-08T04:00:00Z,0,0,0,0,5
2024-06-08T04:15:01Z,0,0,0,0,5
2024-06-08T04:30:00Z,0,0,0,0,5
2024-06-08T04:45:00Z,0,0,0,0,5
2024-06-08T09:45:00Z,0,0,0,0,5
2024-06-08T19:15:00Z,0,0,0,0,5
2024-06-08T20:30:01Z,0,0,0,0,5
2024-06-08T21:00:00Z,0,0,0,0,5
2024-06-09T01:15:00Z,0,0,0,0,5
2024-06-09T01:45:01Z,0,0,0,0,5
2024-06-09T05:15:00Z,0,0,0,0,5
2024-06-09T05:30:08Z,0.2,0.2,0,0,5
2024-06-09T08:30:00Z,0.2,0,1.2,1.4,5
2024-06-09T08:45:00Z,0.2,0,1.2,1.4,5
2024-06-09T09:00:00Z,0.2,0,1.2,1.4,5
2024-06-09T09:15:00Z,0.2,0,1.2,1.4,5
2024-06-09T09:30:01Z,0.2,0,1.2,1.4,5
2024-06-09T09:45:00Z,0.2,0,1.2,1.4,5
2024-06-09T10:00:00Z,0.2,0,1.2,1.4,5
2024-06-09T10:15:10Z,0.2,0,1.2,1.4,5
2024-06-09T10:30:00Z,0.2,0,1.2,1.4,5
2024-06-09T10:35:35Z,0.2,0,1.2,1.4,5
2024-06-09T10:37:01Z,0.2,0,1.2,1.4,5
2024-06-09T10:45:00Z,0.2,0,1.2,1.4,5
2024-06-09T11:00:00Z,0.2,0,1.2,1.4,5
2024-06-09T11:15:00Z,0.2,0,1.2,1.4,5
2024-06-09T11:30:00Z,0.2,0,1.2,1.4,5
2024-06-09T11:45:00Z,0.2,0,1.2,1.4,5
2024-06-09T12:00:01Z,0.2,0,1.2,1.4,5
2024-06-09T12:15:00Z,0.2,0,1.2,1.4,5
2024-06-09T12:30:00Z,0.2,0,1.2,1.4,5
2024-06-09T12:45:00Z,0.2,0,1.2,1.4,5
2024-06-09T13:00:00Z,0.2,0,1.2,1.4,5
2024-06-09T13:15:19Z,0.2,0,1.2,1.4,5
2024-06-09T13:30:00Z,0.2,0,1.2,1.4,5
2024-06-09T13:45:03Z,0.2,0,1.2,1.4,5
2024-06-09T14:00:00Z,0.2,0,1.2,1.4,5
2024-06-09T14:15:00Z,0.2,0,1.2,1.4,5
2024-06-09T14:30:01Z,0.2,0,1.2,1.4,5
2024-06-09T14:45:00Z,0.2,0,1.2,1.4,5
2024-06-09T15:00:00Z,0.2,0,1.2,1.4,5
2024-06-09T15:15:00Z,0.2,0,1.2,1.4,5
2024-06-09T15:30:00Z,0.2,0,1.2,1.4,5
2024-06-09T15:45:01Z,0.2,0,1.2,1.4,5
2024-06-09T16:00:00Z,0.2,0,1.2,1.4,5
2024-06-09T16:15:00Z,0.2,0,1.2,1.4,5
2024-06-09T16:30:00Z,0.2,0,1.2,1.4,5
2024-06-09T16:45:00Z,0.2,0,1.2,1.4,5
2024-06-09T17:00:01Z,0.2,0,1.2,1.4,5
2024-06-09T17:15:00Z,0.2,0,1.2,1.4,5
2024-06-09T17:30:00Z,0.2,0,1.2,1.4,5
2024-06-09T17:45:00Z,0.2,0,1.2,1.4,5
2024-06-09T18:00:16Z,0.2,0,1.2,1.4,5
2024-06-09T18:15:00Z,0.2,0,1.2,1.4,5
2024-06-09T18:30:00Z,0.2,0,1.2,1.4,5
2024-06-09T18:45:00Z,0.2,0,1.2,1.4,5
2024-06-09T19:00:01Z,0.2,0,1.2,1.4,5
2024-06-09T19:15:00Z,0.2,0,1.2,1.4,5
2024-06-09T19:30:00Z,0.2,0,1.2,1.4,5
2024-06-09T19:45:10Z,0.2,0,1.2,1.4,5
2024-06-09T20:00:00Z,0.2,0,1.2,1.4,5
2024-06-09T20:15:00Z,0.2,0,1.2,1.4,5
2024-06-09T20:30:00Z,0.2,0,1.2,1.4,5
2024-06-09T20:45:00Z,0.2,0,1.2,1.4,5
2024-06-09T21:00:01Z,0.2,0,1.2,1.4,5
2024-06-09T21:15:00Z,0.2,0,1.2,1.4,5
2024-06-09T21:30:00Z,0.2,0,1.2,1.4,5
2024-06-09T21:45:00Z,0.2,0,1.2,1.4,5
2024-06-09T22:00:00Z,0.2,0,1.2,1.4,5
2024-06-09T22:15:01Z,0.2,0,1.2,1.4,5
2024-06-09T22:30:00Z,0.2,0,1.2,1.4,5
2024-06-09T22:45:17Z,0.2,0,1.2,1.4,5
2024-06-09T23:00:00Z,0.2,0,1.2,1.4,5
2024-06-09T23:15:00Z,0.2,0,1.2,1.4,5
2024-06-09T23:30:00Z,0.2,0,1.2,1.4,5
2024-06-09T23:45:00Z,0.2,0,1.2,1.4,5
2024-06-10T00:00:01Z,0.2,0,1.2,1.4,5
2024-06-10T00:15:00Z,0.2,0,1.2,1.4,5
2024-06-10T00:30:00Z,0.2,0,1.2,1.4,5
2024-06-10T00:45:00Z,0.2,0,1.2,1.4,5
2024-06-10T01:00:24Z,0.2,0,1.2,1.4,5
2024-06-10T01:15:00Z,0.2,0,1.2,1.4,5
2024-06-10T01:30:00Z,0.2,0,1.2,1.4,5
2024-06-10T01:45:00Z,0.2,0,1.2,1.4,5
2024-06-10T02:00:00Z,0.2,0,1.2,1.4,5
2024-06-10T02:15:01Z,0.2,0,1.2,1.4,5
2024-06-10T02:30:00Z,0.2,0,1.2,1.4,5
2024-06-10T02:45:00Z,0.2,0,1.2,1.4,5
2024-06-10T03:00:00Z,0.2,0,1.2,1.4,5
2024-06-10T03:15:00Z,0.2,0,1.2,1.4,5
2024-06-10T03:30:01Z,0.2,0,1.2,1.4,5
2024-06-10T03:45:00Z,0.2,0,1.2,1.4,5
2024-06-10T04:00:00Z,0.2,0,1.2,1.4,5
2024-06-10T04:15:00Z,0.2,0,1.2,1.4,5
2024-06-10T04:30:00Z,0.2,0,1.2,1.4,5
2024-06-10T04:45:01Z,0.2,0,1.2,1.4,5
2024-06-10T05:00:00Z,0.2,0,1.2,1.4,5
2024-06-10T05:15:00Z,0.2,0,1.2,1.4,5
2024-06-10T05:30:00Z,0.2,0,1.2,1.4,5
2024-06-10T05:45:01Z,0.2,0,1.2,1.4,5
2024-06-10T06:30:00Z,0,0,0.2,0,5
2024-06-10T08:30:00Z,0,0,0.2,0,5
2024-06-10T10:30:00Z,0,0,0.2,0,5
2024-06-10T14:15:00Z,0,0,0.2,0,5
2024-06-10T16:00:00Z,0,0,0.2,0,5
2024-06-10T16:45:00Z,0,0,0.2,0,5
2024-06-10T18:00:00Z,0,0,0.2,0,5
2024-06-10T19:30:01Z,0,0,0.2,0,5
2024-06-10T23:30:00Z,0,0,0.2,0,5
2024-06-10T23:45:09Z,0,0,0.2,0,5
2024-06-11T06:30:00Z,0,0,0,0,5
2024-06-11T06:45:00Z,0,0,0,0,5
2024-06-11T06:47:22Z,0,0,0,0,5
2024-06-11T06:50:51Z,0,0,0,0,5
2024-06-11T07:00:00Z,0,0,0,0,5
2024-06-11T07:15:00Z,0,0,0,0,5
2024-06-11T07:30:11Z,0,0,0,0,5
2024-06-11T07:45:00Z,0,0,0,0,5
2024-06-11T08:00:00Z,0,0,0,0,5
2024-06-11T08:15:00Z,0,0,0,0,5
2024-06-11T08:30:00Z,0,0,0,0,5
2024-06-11T08:45:01Z,0,0,0,0,5
2024-06-11T09:00:00Z,0,0,0,0,5
2024-06-11T09:15:00Z,0,0,0,0,5
2024-06-11T09:30:10Z,0,0,0,0,5
2024-06-11T09:45:00Z,0,0,0,0,5
2024-06-11T10:00:01Z,0,0,0,0,5
2024-06-11T10:15:00Z,0,0,0,0,5
2024-06-11T10:30:00Z,0,0,0,0,5
2024-06-11T10:45:00Z,0,0,0,0,5
2024-06-11T11:15:00Z,0,0,0,0,5
2024-06-11T11:30:29Z,0,0,0,0,5
2024-06-11T11:45:00Z,0,0,0,0,5
2024-06-11T12:00:00Z,0,0,0,0,5
2024-06-11T12:15:00Z,0,0,0,0,5
2024-06-11T12:30:01Z,0,0,0,0,5
2024-06-11T12:45:02Z,0,0,0,0,5
2024-06-11T13:00:08Z,0,0,0,0,5
2024-06-11T13:15:00Z,0,0,0,0,5
2024-06-11T13:30:00Z,0,0,0,0,5
2024-06-11T13:45:00Z,0,0,0,0,5
2024-06-11T14:00:00Z,0,0,0,0,5
2024-06-11T14:15:00Z,0,0,0,0,5
2024-06-11T14:30:00Z,0,0,0,0,5
2024-06-11T14:45:00Z,0,0,0,0,5
2024-06-11T15:00:00Z,0,0,0,0,5
2024-06-11T15:15:00Z,0,0,0,0,5
2024-06-11T15:30:00Z,0,0,0,0,5
2024-06-11T15:45:01Z,0,0,0,0,5
2024-06-11T16:00:00Z,0,0,0,0,5
2024-06-11T16:15:00Z,0,0,0,0,5
2024-06-11T16:30:00Z,0,0,0,0,5
2024-06-11T16:45:00Z,0,0,0,0,5
2024-06-11T17:00:00Z,0,0,0,0,5
2024-06-11T17:15:00Z,0,0,0,0,5
2024-06-11T17:30:00Z,0,0,0,0,5
2024-06-11T17:45:00Z,0,0,0,0,5
2024-06-11T18:00:00Z,0,0,0,0,5
2024-06-11T18:15:01Z,0,0,0,0,5
2024-06-11T18:30:00Z,0,0,0,0,5
2024-06-11T18:45:20Z,0,0,0,0,5
2024-06-11T19:00:00Z,0,0,0,0,5
2024-06-11T19:15:00Z,0,0,0,0,5
2024-06-11T19:30:01Z,0,0,0,0,5
2024-06-11T19:45:00Z,0,0,0,0,5
2024-06-11T20:00:00Z,0,0,0,0,5
2024-06-11T20:15:00Z,0,0,0,0,5
2024-06-11T20:30:00Z,0,0,0,0,5
2024-06-11T20:45:01Z,0,0,0,0,5
2024-06-11T21:00:00Z,0,0,0,0,5
2024-06-11T21:15:22Z,0,0,0,0,5
2024-06-11T21:30:01Z,0,0,0,0,5
2024-06-11T21:45:09Z,0,0,0,0,5
2024-06-11T22:00:00Z,0,0,0,0,5
2024-06-11T22:15:09Z,0,0,0,0,5
2024-06-11T22:30:00Z,0,0,0,0,5
2024-06-11T22:45:00Z,0,0,0,0,5
2024-06-11T23:00:00Z,0,0,0,0,5
2024-06-11T23:15:00Z,0,0,0,0,5
2024-06-11T23:30:01Z,0,0,0,0,5
2024-06-11T23:45:17Z,0,0,0,0,5
2024-06-12T00:00:00Z,0,0,0,0,5
2024-06-12T00:15:00Z,0,0,0,0,5
2024-06-12T00:30:01Z,0,0,0,0,5
2024-06-12T00:45:11Z,0,0,0,0,5
2024-06-12T01:00:00Z,0,0,0,0,5
2024-06-12T01:15:00Z,0,0,0,0,5
2024-06-12T01:30:00Z,0,0,0,0,5
2024-06-12T01:45:00Z,0,0,0,0,5
2024-06-12T02:00:00Z,0,0,0,0,5
2024-06-12T02:15:00Z,0,0,0,0,5
2024-06-12T02:30:00Z,0,0,0,0,5
2024-06-12T02:45:00Z,0,0,0,0,5
2024-06-12T03:00:01Z,0,0,0,0,5
2024-06-12T03:15:00Z,0,0,0,0,5
2024-06-12T03:30:03Z,0,0,0,0,5
2024-06-12T03:45:00Z,0,0,0,0,5
2024-06-12T04:00:01Z,0,0,0,0,5
2024-06-12T04:15:00Z,0,0,0,0,5
2024-06-12T04:30:00Z,0,0,0,0,5
2024-06-12T04:45:01Z,0,0,0,0,5
2024-06-12T04:54:26Z,0,0,0,0,5
2024-06-12T04:56:54Z,0,0,0,0,5
2024-06-12T05:00:00Z,0,0,0,0,5
2024-06-12T05:15:00Z,0,0,0,0,5
2024-06-12T05:30:00Z,0,0,0,0,5
2024-06-12T05:45:00Z,0,0,0,0,5
2024-06-12T06:00:01Z,0,0,0,0,5
2024-06-12T06:15:00Z,0,0,0,0,5
2024-06-12T06:30:00Z,0,0,0,0,5
2024-06-12T06:45:00Z,0,0,0,0,5
2024-06-12T07:00:00Z,0,0,0,0,5
2024-06-12T07:15:25Z,0,0,0,0,5
2024-06-12T07:30:00Z,0,0,0,0,5
2024-06-12T07:45:00Z,0,0,0,0,5
2024-06-12T08:00:00Z,0,0,0,0,5
2024-06-12T08:15:01Z,0,0,0,0,5
2024-06-12T08:30:00Z,0,0,0,0,5
2024-06-12T08:45:00Z,0,0,0,0,5
2024-06-12T09:00:00Z,0,0,0,0,5
2024-06-12T09:15:00Z,0,0,0,0,5
2024-06-12T09:30:01Z,0,0,0,0,5
2024-06-12T09:45:00Z,0,0,0,0,5
2024-06-12T10:00:00Z,0,0,0,0,5
2024-06-12T10:15:00Z,0,0,0,0,5
2024-06-12T10:30:00Z,0,0,0,0,5
2024-06-12T10:45:01Z,0,0,0,0,5
2024-06-12T11:00:00Z,0,0,0,0,5
2024-06-12T11:15:00Z,0,0,0,0,5
2024-06-12T11:30:00Z,0,0,0,0,5
2024-06-12T11:45:00Z,0,0,0,0,5
2024-06-12T12:00:00Z,0,0,0,0,5
2024-06-12T12:15:00Z,0,0,0,0,5
2024-06-12T12:30:00Z,0,0,0,0,5
2024-06-12T12:45:00Z,0,0,0,0,5
2024-06-12T13:00:00Z,0,0,0,0,5
2024-06-12T13:15:01Z,0,0,0,0,5
2024-06-12T13:30:11Z,0,0,0,0,5
2024-06-12T13:45:15Z,0,0,0,0,5
2024-06-12T14:00:01Z,0,0,0,0,5
2024-06-12T14:15:00Z,0,0,0,0,5
2024-06-12T14:30:00Z,0,0,0,0,5
2024-06-12T14:45:18Z,0,0,0,0,5
2024-06-12T15:00:00Z,0,0,0,0,5
2024-06-12T15:15:00Z,0,0,0,0,5
2024-06-12T15:30:00Z,0,0,0,0,5
2024-06-12T15:45:00Z,0,0,0,0,5
2024-06-12T15:48:31Z,0,0,0,0,5
2024-06-12T16:00:00Z,0,0,0,0,5
2024-06-12T16:15:01Z,0,0,0,0,5
2024-06-12T16:30:00Z,0,0,0,0,5
2024-06-12T16:45:00Z,0,0,0,0,5
2024-06-12T17:00:00Z,0,0,0,0,5
2024-06-12T17:15:00Z,0,0,0,0,5
2024-06-12T18:45:03Z,0,0,0,0,5
2024-06-12T20:15:00Z,0,0,0,0,5
2024-06-12T21:15:00Z,0,0,0,0,5
2024-06-12T23:30:00Z,0,0,0,0,5
2024-06-13T01:30:00Z,0,0,0,0,5
2024-06-13T02:45:00Z,0,0,0,0,5
2024-06-13T03:30:00Z,0,0,0,0,5
2024-06-13T04:00:00Z,0,0,0,0,5
2024-06-13T05:00:00Z,0,0,0,0,5
2024-06-13T05:30:00Z,0,0,0,0,5
2024-06-13T06:45:00Z,0,0,0,0,5
2024-06-13T07:00:01Z,0,0,0,0,5
2024-06-13T07:15:03Z,0,0,0,0,5
2024-06-13T07:30:00Z,0,0,0,0,5
2024-06-13T07:45:04Z,0,0,0,0,5
2024-06-13T08:00:00Z,0,0,0,0,5
2024-06-13T08:15:00Z,0,0,0,0,5
2024-06-13T08:30:00Z,0,0,0,0,5
2024-06-13T08:45:00Z,0,0,0,0,5
2024-06-13T09:00:00Z,0,0,0,0,5
2024-06-13T09:15:01Z,0,0,0,0,5
2024-06-13T09:30:09Z,0,0,0,0,5
2024-06-13T09:45:00Z,0,0,0,0,5
2024-06-13T10:00:01Z,0,0,0,0,5
2024-06-13T10:15:07Z,0,0,0,0,5
2024-06-13T10:30:00Z,0,0,0,0,5
2024-06-13T10:45:01Z,0,0,0,0,5
2024-06-13T11:00:00Z,0,0,0,0,5
2024-06-13T11:15:00Z,0,0,0,0,5
2024-06-13T11:30:25Z,0,0,0,0,5
2024-06-13T11:45:07Z,0,0,0,0,5
2024-06-13T12:00:09Z,0,0,0,0,5
2024-06-13T12:15:05Z,0,0,0,0,5
2024-06-13T12:30:09Z,0,0,0,0,5
2024-06-13T12:45:02Z,0,0,0,0,5
2024-06-13T13:00:10Z,0,0,0,0,5
2024-06-13T13:15:03Z,0,0,0,0,5
2024-06-13T13:30:10Z,0,0,0,0,5
2024-06-13T13:45:08Z,0,0,0,0,5
2024-06-13T13:53:13Z,0,0,0,0,5
2024-06-13T13:54:50Z,0,0,0,0,5
2024-06-13T14:00:05Z,0,0,0,0,5
2024-06-13T14:15:19Z,0,0,0,0,5
2024-06-13T14:30:08Z,0,0,0,0,5
2024-06-13T14:45:03Z,0,0,0,0,5
2024-06-13T15:00:02Z,0,0,0,0,5
2024-06-13T15:15:02Z,0,0,0,0,5
2024-06-13T15:30:04Z,0,0,0,0,5
2024-06-13T15:45:02Z,0,0,0,0,5
2024-06-13T16:00:07Z,0,0,0,0,5
2024-06-13T16:15:02Z,0,0,0,0,5
2024-06-13T16:30:09Z,0,0,0,0,5
2024-06-13T16:45:07Z,0,0,0,0,5
2024-06-13T17:00:11Z,0,0,0,0,5
2024-06-13T17:15:03Z,0,0,0,0,5
2024-06-13T17:30:08Z,0,0,0,0,5
2024-06-13T17:45:00Z,0,0,0,0,5
2024-06-13T18:00:04Z,0,0,0,0,5
2024-06-13T18:15:03Z,0,0,0,0,5
2024-06-16T10:15:01Z,0,0,0,0,5
2024-06-16T23:45:00Z,0,0,0,0,5
2024-06-17T00:00:00Z,0,0,0,0,5
2024-06-17T00:15:00Z,0,0,0,0,5
2024-06-17T00:30:01Z,0,0,0,0,5
2024-06-17T00:45:00Z,0,0,0,0,5
2024-06-17T01:00:00Z,0,0,0,0,5
2024-06-17T01:15:00Z,0,0,0,0,5
2024-06-17T01:30:00Z,0,0,0,0,5
2024-06-17T01:45:01Z,0,0,0,0,5
2024-06-17T02:00:00Z,0,0,0,0,5
2024-06-17T02:15:00Z,0,0,0,0,5
2024-06-17T02:30:00Z,0,0,0,0,5
2024-06-17T02:45:00Z,0,0,0,0,5
2024-06-17T03:00:01Z,0,0,0,0,5
2024-06-17T03:15:00Z,0,0,0,0,5
2024-06-17T03:30:00Z,0,0,0,0,5
2024-06-17T03:45:00Z,0,0,0,0,5
2024-06-17T04:00:00Z,0,0,0,0,5
2024-06-17T04:15:01Z,0,0,0,0,5
2024-06-17T04:30:00Z,0,0,0,0,5
2024-06-17T04:45:00Z,0,0,0,0,5
2024-06-17T05:00:00Z,0,0,0,0,5
2024-06-17T05:15:00Z,0,0,0,0,5
2024-06-17T05:30:01Z,0,0,0,0,5
2024-06-17T05:45:00Z,0,0,0,0,5
2024-06-17T06:00:00Z,0,0,0,0,5
2024-06-17T06:15:00Z,0,0,0,0,5
2024-06-17T06:30:00Z,0,0,0,0,5
2024-06-17T06:45:00Z,0,0,0,0,5
2024-06-17T07:00:00Z,0,0,0,0,5
2024-06-17T07:15:00Z,0,0,0,0,5
2024-06-17T07:30:00Z,0,0,0,0,5
2024-06-17T07:45:00Z,0,0,0,0,5
2024-06-17T08:00:00Z,0,0,0,0,5
2024-06-17T08:15:00Z,0,0,0,0,5
2024-06-17T08:30:00Z,0,0,0,0,5
2024-06-17T08:45:00Z,0,0,0,0,5
2024-06-17T08:58:38Z,0,0,0,0,5
2024-06-17T11:10:13Z,0,0,0,0,5
2024-06-17T11:15:00Z,0,0,0,0,5
2024-06-17T11:30:00Z,0,0,0,0,5
2024-06-17T11:45:00Z,0,0,0,0,5
2024-06-17T12:00:00Z,0,0,0,0,5
2024-06-17T12:15:00Z,0,0,0,0,5
2024-06-17T12:30:01Z,0,0,0,0,5
2024-06-17T12:45:00Z,0,0,0,0,5
2024-06-17T13:00:00Z,0,0,0,0,5
2024-06-17T13:15:00Z,0,0,0,0,5
2024-06-17T13:30:00Z,0,0,0,0,5
2024-06-17T13:45:01Z,0,0,0,0,5
2024-06-17T14:00:00Z,0,0,0,0,5
2024-06-17T14:15:00Z,0,0,0,0,5
2024-06-17T14:30:00Z,0,0,0,0,5
2024-06-17T14:45:00Z,0,0,0,0,5
2024-06-17T15:00:00Z,0,0,0,0,5
2024-06-17T15:15:00Z,0,0,0,0,5
2024-06-17T15:30:00Z,0,0,0,0,5
2024-06-17T15:45:00Z,0,0,0,0,5
2024-06-17T16:00:01Z,0,0,0,0,5
2024-06-17T16:15:00Z,0,0,0,0,5
2024-06-17T16:30:00Z,0,0,0,0,5
2024-06-17T16:45:00Z,0,0,0,0,5
2024-06-17T17:00:00Z,0,0,0,0,5
2024-06-17T17:15:00Z,0,0,0,0,5
2024-06-17T17:30:00Z,0,0,0,0,5
2024-06-17T17:45:00Z,0,0,0,0,5
2024-06-17T18:00:00Z,0,0,0,0,5
2024-06-17T18:15:00Z,0,0,0,0,5
2024-06-17T18:30:01Z,0,0,0,0,5
2024-06-17T18:45:01Z,0,0,0,0,5
2024-06-17T19:00:00Z,0,0,0,0,5
2024-06-17T19:15:00Z,0,0,0,0,5
2024-06-17T19:30:00Z,0,0,0,0,5
2024-06-17T19:45:01Z,0,0,0,0,5
2024-06-17T20:00:00Z,0,0,0,0,5
2024-06-17T20:15:00Z,0,0,0,0,5
2024-06-17T20:30:00Z,0,0,0,0,5
2024-06-17T20:45:00Z,0,0,0,0,5
2024-06-17T21:00:01Z,0,0,0,0,5
2024-06-17T21:15:00Z,0,0,0,0,5
2024-06-17T21:30:00Z,0,0,0,0,5
2024-06-17T21:45:01Z,0,0,0,0,5
2024-06-17T22:03:39Z,0,0,0,0,5
2024-06-17T22:15:08Z,0,0,0,0,5
2024-06-17T22:30:06Z,0,0,0,0,5
2024-06-17T22:45:02Z,0,0,0,0,5
2024-06-17T23:00:09Z,0,0,0,0,5
2024-06-17T23:15:03Z,0,0,0,0,5
2024-06-17T23:30:08Z,0,0,0,0,5
2024-06-17T23:45:02Z,0,0,0,0,5
2024-06-18T00:00:02Z,0,0,0,0,5
2024-06-18T00:15:02Z,0,0,0,0,5
2024-06-18T00:30:09Z,0,0,0,0,5
2024-06-18T00:45:03Z,0,0,0,0,5
2024-06-18T01:00:03Z,0,0,0,0,5
2024-06-18T01:15:08Z,0,0,0,0,5
2024-06-18T01:30:02Z,0,0,0,0,5
2024-06-18T01:45:02Z,0,0,0,0,5
2024-06-18T02:00:02Z,0,0,0,0,5
2024-06-18T02:15:09Z,0,0,0,0,5
2024-06-18T02:30:02Z,0,0,0,0,5
2024-06-18T02:45:02Z,0,0,0,0,5
2024-06-18T03:00:02Z,0,0,0,0,5
2024-06-18T03:15:08Z,0,0,0,0,5
2024-06-18T03:30:03Z,0,0,0,0,5
2024-06-18T03:45:03Z,0,0,0,0,5
2024-06-18T04:00:03Z,0,0,0,0,5
2024-06-18T04:15:03Z,0,0,0,0,5
2024-06-18T04:30:03Z,0,0,0,0,5
2024-06-18T04:45:03Z,0,0,0,0,5
2024-06-18T05:00:03Z,0,0,0,0,5
2024-06-18T05:15:03Z,0,0,0,0,5
2024-06-18T05:30:03Z,0,0,0,0,5
2024-06-18T05:45:20Z,0,0,0,0,5
2024-06-18T06:00:10Z,0,0,0,0,5
2024-06-18T06:15:02Z,0,0,0,0,5
2024-06-18T06:30:07Z,0,0,0,0,5
2024-06-18T06:45:07Z,0,0,0,0,5
2024-06-18T07:00:07Z,0,0,0,0,5
2024-06-18T07:15:03Z,0,0,0,0,5
2024-06-18T07:30:07Z,0,0,0,0,5
2024-06-18T07:45:20Z,0,0,0,0,5
2024-06-18T08:00:09Z,0,0,0,0,5
2024-06-18T08:15:02Z,0,0,0,0,5
2024-06-18T08:30:09Z,0,0,0,0,5
2024-06-18T08:45:02Z,0,0,0,0,5
2024-06-18T09:00:06Z,0,0,0,0,5
2024-06-18T09:15:03Z,0,0,0,0,5
2024-06-18T09:16:39Z,0,0,0,0,5
2024-06-18T09:18:08Z,0,0,0,0,5
2024-06-18T09:30:03Z,0,0,0,0,5
2024-06-18T09:45:02Z,0,0,0,0,5
2024-06-18T10:00:09Z,0,0,0,0,5
2024-06-18T10:15:03Z,0,0,0,0,5
2024-06-18T10:30:03Z,0,0,0,0,5
2024-06-18T10:45:03Z,0,0,0,0,5
2024-06-18T11:00:08Z,0,0,0,0,5
2024-06-18T11:15:06Z,0.4,0.6,0,0,5
2024-06-18T11:30:08Z,0.8,0.8,0,0,5
2024-06-18T11:45:04Z,0.8,0.8,0,0,5
2024-06-18T12:00:03Z,0.8,0.8,0,0,5
2024-06-18T12:15:02Z,0.8,0.8,0,0,5
2024-06-18T12:30:04Z,0.8,0.8,0,0,5
2024-06-18T12:45:08Z,0.8,0.8,0,0,5
2024-06-18T13:00:02Z,0.8,0.8,0,0,5
2024-06-18T13:15:02Z,0.8,0.8,0,0,5
2024-06-18T13:30:09Z,0.8,0.8,0,0,5
2024-06-18T13:45:08Z,0.8,0.8,0,0,5
2024-06-18T14:00:08Z,0.8,0.8,0,0,5
2024-06-18T14:15:08Z,0.8,0.8,0,0,5
2024-06-18T14:30:09Z,0.8,0.8,0,0,5
2024-06-18T14:45:04Z,0.8,0.8,0,0,5
2024-06-18T15:00:03Z,0.8,0.8,0,0,5
2024-06-18T15:15:02Z,0.8,0.8,0,0,5
2024-06-18T15:30:08Z,0.8,0.8,0,0,5
2024-06-18T15:45:03Z,0.8,0.8,0,0,5
2024-06-18T16:00:05Z,0.8,0.8,0,0,5
2024-06-18T16:15:09Z,0.8,0.8,0,0,5
2024-06-18T16:30:04Z,0.8,0.8,0,0,5
2024-06-18T16:45:02Z,0.8,0.8,0,0,5
2024-06-18T17:00:09Z,0.8,0.8,0,0,5
2024-06-18T17:15:02Z,0.8,0.8,0,0,5
2024-06-18T17:30:08Z,0.8,0.8,0,0,5
2024-06-18T17:45:08Z,0.8,0.8,0,0,5
2024-06-18T18:00:08Z,0.8,0.8,0,0,5
2024-06-18T18:15:07Z,0.8,0.8,0,0,5
2024-06-18T18:30:07Z,0.8,0.8,0,0,5
2024-06-18T18:45:09Z,0.8,0.8,0,0,5
2024-06-18T19:00:07Z,0.8,0.8,0,0,5
2024-06-18T19:15:09Z,0.8,0.8,0,0,5
2024-06-18T19:30:02Z,0.8,0.8,0,0,5
2024-06-18T19:45:02Z,0.8,0.8,0,0,5
2024-06-18T20:00:03Z,0.8,0.8,0,0,5
2024-06-18T20:15:03Z,0.8,0.8,0,0,5
2024-06-18T20:30:03Z,0.8,0.8,0,0,5
2024-06-18T20:45:03Z,0.8,0.8,0,0,5
2024-06-18T21:00:03Z,0.8,0.8,0,0,5
2024-06-18T21:15:04Z,0.8,0.8,0,0,5
2024-06-18T21:30:02Z,0.8,0.8,0,0,5
2024-06-18T21:45:02Z,0.8,0.8,0,0,5
2024-06-18T22:00:02Z,0.8,0.8,0,0,5
2024-06-18T22:15:02Z,0.8,0.8,0,0,5
2024-06-18T22:30:02Z,0.8,0.8,0,0,5
2024-06-18T22:45:02Z,0.8,0.8,0,0,5
2024-06-18T23:00:02Z,0.8,0.8,0,0,5
2024-06-20T12:00:00Z,0,0,55.4,56.2,5
2024-06-21T05:15:00Z,7.8,7.8,55.4,56.2,5
2024-06-25T10:00:00Z,0,0,0.2,0,5
2024-06-25T10:15:00Z,0.2,0.4,0.2,0,5
2024-06-25T10:30:00Z,0.4,0.6,0.2,0,5
2024-06-25T10:45:00Z,0.4,0.6,0.2,0,5
2024-06-25T11:00:00Z,0.4,0.6,0.2,0,5
2024-06-25T11:15:00Z,0.4,0.6,0.2,0,5
2024-06-25T11:30:00Z,0.4,0.6,0.2,0,5
2024-06-25T11:45:00Z,0.4,0.6,0.2,0,5
2024-06-25T12:00:00Z,0.4,0.6,0.2,0,5
2024-06-25T12:15:00Z,0.4,0.6,0.2,0,5
2024-06-25T12:30:00Z,0.4,0.6,0.2,0,5
2024-06-25T12:45:00Z,0.4,0.6,0.2,0,5
2024-06-25T13:00:00Z,0.4,0.6,0.2,0,5
2024-06-25T13:15:00Z,0.4,0.6,0.2,0,5
2024-06-25T13:30:00Z,0.4,0.6,0.2,0,5
2024-06-25T13:45:01Z,0.4,0.6,0.2,0,5
2024-06-25T14:00:00Z,0.4,0.6,0.2,0,5
2024-06-25T14:15:51Z,0.4,0.6,0.2,0,5
2024-06-25T14:30:03Z,0.4,0.6,0.2,0,5
2024-06-25T14:45:03Z,0.4,0.6,0.2,0,5
2024-06-25T15:00:10Z,0.4,0.6,0.2,0,5
2024-06-25T15:15:02Z,0.4,0.6,0.2,0,5
2024-06-25T15:30:02Z,0.4,0.6,0.2,0,5
2024-06-25T15:45:02Z,0.4,0.6,0.2,0,5
2024-06-25T16:00:02Z,0.4,0.6,0.2,0,5
2024-06-25T16:15:03Z,0.4,0.6,0.2,0,5
2024-06-25T16:30:04Z,0.4,0.6,0.2,0,5
2024-06-25T16:45:18Z,0.4,0.6,0.2,0,5
2024-06-25T17:00:03Z,0.4,0.6,0.2,0,5
2024-06-25T17:15:08Z,0.4,0.6,0.2,0,5
2024-06-25T17:30:02Z,0.4,0.6,0.2,0,5
2024-06-25T17:45:02Z,0.4,0.6,0.2,0,5
2024-06-25T18:00:08Z,0.4,0.6,0.2,0,5
2024-06-25T18:15:11Z,0.4,0.6,0.2,0,5
2024-06-25T18:30:02Z,0.4,0.6,0.2,0,5
2024-06-25T18:45:02Z,0.4,0.6,0.2,0,5
2024-06-25T19:00:02Z,0.4,0.6,0.2,0,5
2024-06-25T19:15:02Z,0.4,0.6,0.2,0,5
2024-06-25T19:30:03Z,0.4,0.6,0.2,0,5
2024-06-25T19:45:03Z,0.4,0.6,0.2,0,5
2024-06-25T20:00:04Z,0.4,0.6,0.2,0,5
2024-06-25T20:15:03Z,0.4,0.6,0.2,0,5
2024-06-25T20:30:03Z,0.4,0.6,0.2,0,5
2024-06-25T20:45:02Z,0.4,0.6,0.2,0,5
2024-06-25T21:00:02Z,0.4,0.6,0.2,0,5
2024-06-25T21:15:02Z,0.4,0.6,0.2,0,5
2024-06-25T21:30:02Z,0.4,0.6,0.2,0,5
2024-06-25T21:45:02Z,0.4,0.6,0.2,0,5
2024-06-25T22:00:02Z,0.4,0.6,0.2,0,5
2024-06-25T22:15:02Z,0.4,0.6,0.2,0,5
2024-06-25T22:30:02Z,0.4,0.6,0.2,0,5
2024-06-25T22:45:02Z,0.4,0.6,0.2,0,5
2024-06-25T23:00:02Z,0.4,0.6,0.2,0,5
2024-06-25T23:15:03Z,0.4,0.6,0.2,0,5
2024-06-25T23:30:04Z,0.4,0.6,0.2,0,5
2024-06-25T23:45:03Z,0.4,0.6,0.2,0,5
2024-06-26T00:00:08Z,0.4,0.6,0.2,0,5
2024-06-26T00:15:02Z,0.4,0.6,0.2,0,5
2024-06-26T00:30:09Z,0.4,0.6,0.2,0,5
2024-06-26T00:45:08Z,0.4,0.6,0.2,0,5
2024-06-26T01:00:02Z,0.4,0.6,0.2,0,5
2024-06-26T01:08:30Z,0.4,0.6,0.2,0,5
2024-06-26T01:11:08Z,0.4,0.6,0.2,0,5
2024-06-26T01:15:03Z,0.4,0.6,0.2,0,5
2024-06-26T01:30:03Z,0.4,0.6,0.2,0,5
2024-06-26T01:45:03Z,0.4,0.6,0.2,0,5
2024-06-26T02:00:09Z,0.4,0.6,0.2,0,5
2024-06-26T02:15:09Z,0.4,0.6,0.2,0,5
2024-06-26T02:30:03Z,0.4,0.6,0.2,0,5
2024-06-26T02:45:03Z,0.4,0.6,0.2,0,5
2024-06-26T03:00:03Z,0.4,0.6,0.2,0,5
2024-06-26T03:15:03Z,0.4,0.6,0.2,0,5
2024-06-26T03:30:03Z,0.4,0.6,0.2,0,5
2024-06-26T03:45:03Z,0.4,0.6,0.2,0,5
2024-06-26T04:00:03Z,0.4,0.6,0.2,0,5
2024-06-26T04:15:02Z,0.4,0.6,0.2,0,5
2024-06-26T04:30:02Z,0.4,0.6,0.2,0,5
2024-06-26T04:45:02Z,0.4,0.6,0.2,0,5
2024-06-26T05:00:02Z,0.4,0.6,0.2,0,5
2024-06-26T05:15:02Z,0.4,0.6,0.2,0,5
2024-06-26T05:30:02Z,0.4,0.6,0.2,0,5
2024-06-26T05:45:02Z,0.4,0.6,0.2,0,5
2024-06-26T06:00:10Z,0,0,0.4,0.6,5
2024-06-26T06:15:08Z,0,0,0.4,0.6,5
2024-06-26T06:30:03Z,0,0,0.4,0.6,5
2024-06-26T06:45:05Z,0,0,0.4,0.6,5
2024-06-26T07:00:02Z,0,0,0.4,0.6,5
2024-06-26T07:15:08Z,0,0,0.4,0.6,5
2024-06-26T07:30:09Z,0,0,0.4,0.6,5
2024-06-26T07:45:08Z,0,0,0.4,0.6,5
2024-06-26T08:00:10Z,0,0,0.4,0.6,5
2024-06-26T08:15:02Z,0,0,0.4,0.6,5
2024-06-26T08:30:09Z,0,0,0.4,0.6,5
2024-06-26T08:45:09Z,0.4,0.4,0.4,0.6,5
2024-06-26T09:00:10Z,1.6,1.6,0.4,0.6,5
2024-06-26T09:15:02Z,1.6,1.6,0.4,0.6,5
2024-06-26T09:30:03Z,1.6,1.6,0.4,0.6,5
2024-06-26T09:45:10Z,1.6,1.6,0.4,0.6,5
2024-06-26T10:00:04Z,1.6,1.6,0.4,0.6,5
2024-06-26T10:15:03Z,1.6,1.6,0.4,0.6,5
2024-06-26T10:30:03Z,1.6,1.6,0.4,0.6,5
2024-06-26T10:45:08Z,1.6,1.6,0.4,0.6,5
2024-06-26T11:00:02Z,2.2,2.2,0.4,0.6,5
2024-06-26T11:15:02Z,2.2,2.2,0.4,0.6,5
2024-06-26T11:30:03Z,2.2,2.2,0.4,0.6,5
2024-06-26T11:45:03Z,2.2,2.2,0.4,0.6,5
2024-06-26T12:00:09Z,2.2,2.2,0.4,0.6,5
2024-06-26T12:15:08Z,2.2,2.2,0.4,0.6,5
2024-06-26T12:30:09Z,2.2,2.2,0.4,0.6,5
2024-06-26T12:45:08Z,2.2,2.2,0.4,0.6,5
2024-06-26T13:00:02Z,2.2,2.2,0.4,0.6,5
2024-06-26T13:15:03Z,2.2,2.2,0.4,0.6,5
2024-06-26T13:30:04Z,2.2,2.2,0.4,0.6,5
2024-06-26T13:45:05Z,2.2,2.2,0.4,0.6,5
2024-06-26T14:00:10Z,2.2,2.2,0.4,0.6,5
2024-06-26T14:15:02Z,2.4,2.4,0.4,0.6,5
2024-06-26T14:30:02Z,2.4,2.4,0.4,0.6,5
2024-06-26T14:45:02Z,2.4,2.4,0.4,0.6,5
2024-06-26T15:00:03Z,2.4,2.4,0.4,0.6,5
2024-06-26T15:15:02Z,2.4,2.4,0.4,0.6,5
2024-06-26T15:30:11Z,2.4,2.4,0.4,0.6,5
2024-06-26T15:45:09Z,2.4,2.4,0.4,0.6,5
2024-06-26T16:00:02Z,2.4,2.4,0.4,0.6,5
2024-06-26T16:15:02Z,2.4,2.4,0.4,0.6,5
2024-06-26T16:30:04Z,2.4,2.4,0.4,0.6,5
2024-06-26T16:45:03Z,2.4,2.4,0.4,0.6,5
2024-06-26T17:00:03Z,2.4,2.4,0.4,0.6,5
2024-06-26T17:15:11Z,2.4,2.4,0.4,0.6,5
2024-06-26T17:30:08Z,2.4,2.4,0.4,0.6,5
2024-06-26T17:45:03Z,2.4,2.4,0.4,0.6,5
2024-06-26T18:00:20Z,2.4,2.4,0.4,0.6,5
2024-06-26T18:15:10Z,2.4,2.4,0.4,0.6,5
2024-06-26T18:30:04Z,2.4,2.4,0.4,0.6,5
2024-06-26T18:45:07Z,2.4,2.4,0.4,0.6,5
2024-06-26T19:00:08Z,2.4,2.4,0.4,0.6,5
2024-06-26T19:15:09Z,2.4,2.4,0.4,0.6,5
2024-06-26T19:30:10Z,2.4,2.4,0.4,0.6,5
2024-06-26T19:45:10Z,2.4,2.4,0.4,0.6,5
2024-06-26T20:00:04Z,2.4,2.4,0.4,0.6,5
2024-06-26T20:15:04Z,2.4,2.4,0.4,0.6,5
2024-06-26T20:30:10Z,2.4,2.4,0.4,0.6,5
2024-06-26T20:45:11Z,2.4,2.4,0.4,0.6,5
2024-06-26T21:00:03Z,2.6,2.6,0.4,0.6,5
2024-06-26T21:15:03Z,2.6,2.6,0.4,0.6,5
2024-06-26T21:30:18Z,2.6,2.6,0.4,0.6,5
2024-06-26T21:45:09Z,2.6,2.6,0.4,0.6,5
2024-06-26T22:00:03Z,2.8,2.8,0.4,0.6,5
2024-06-26T22:15:06Z,2.8,3,0.4,0.6,5
2024-06-26T22:30:03Z,3,3,0.4,0.6,5
2024-06-26T22:45:04Z,3,3.2,0.4,0.6,5
2024-06-26T23:00:05Z,3.6,3.6,0.4,0.6,5
2024-06-26T23:15:02Z,4.6,4.6,0.4,0.6,5
2024-06-26T23:20:01Z,4.6,4.8,0.4,0.6,5
2024-06-26T23:22:32Z,4.6,4.8,0.4,0.6,5
2024-06-26T23:30:04Z,4.8,5,0.4,0.6,5
2024-06-26T23:45:07Z,5.4,5.4,0.4,0.6,5
2024-06-27T00:00:02Z,5.4,5.6,0.4,0.6,5
2024-06-27T00:15:02Z,5.4,5.6,0.4,0.6,5
2024-06-27T00:30:03Z,5.6,5.8,0.4,0.6,5
2024-06-27T00:45:03Z,5.6,5.8,0.4,0.6,5
2024-06-27T01:00:03Z,5.6,5.8,0.4,0.6,5
2024-06-27T01:15:03Z,5.6,5.8,0.4,0.6,5
2024-06-27T01:30:03Z,5.6,5.8,0.4,0.6,5
2024-06-27T01:45:03Z,5.6,5.8,0.4,0.6,5
2024-06-27T02:00:03Z,5.6,5.8,0.4,0.6,5
2024-06-27T02:15:03Z,5.6,5.8,0.4,0.6,5
2024-06-27T02:30:03Z,5.6,5.8,0.4,0.6,5
2024-06-27T02:45:03Z,5.6,5.8,0.4,0.6,5
2024-06-27T03:00:02Z,5.6,5.8,0.4,0.6,5
2024-06-27T03:15:03Z,5.6,5.8,0.4,0.6,5
2024-06-27T03:30:02Z,5.6,5.8,0.4,0.6,5
2024-06-27T03:45:02Z,5.6,5.8,0.4,0.6,5
2024-06-27T04:00:03Z,5.6,5.8,0.4,0.6,5
2024-06-27T04:15:03Z,5.6,5.8,0.4,0.6,5
2024-06-27T04:30:03Z,5.6,5.8,0.4,0.6,5
2024-06-27T04:45:03Z,5.6,5.8,0.4,0.6,5
2024-06-27T05:00:03Z,5.6,5.8,0.4,0.6,5
2024-06-27T05:15:03Z,5.6,5.8,0.4,0.6,5
2024-06-27T05:30:03Z,5.6,5.8,0.4,0.6,5
2024-06-27T05:45:03Z,5.6,5.8,0.4,0.6,5
2024-06-27T06:00:03Z,0,0,5.6,5.8,5
2024-06-27T06:15:03Z,0,0,5.6,5.8,5
2024-06-27T06:30:04Z,0,0,5.6,5.8,5
2024-06-27T06:45:02Z,0,0,5.6,5.8,5
2024-06-27T07:00:02Z,0,0,5.6,5.8,5
2024-06-27T07:15:02Z,0,0,5.6,5.8,5
2024-06-27T07:30:02Z,0,0,5.6,5.8,5
2024-06-27T07:45:09Z,0,0,5.6,5.8,5
2024-06-27T08:00:05Z,0,0,5.6,5.8,5
2024-06-27T08:15:03Z,0,0,5.6,5.8,5
2024-06-27T08:30:03Z,0,0,5.6,5.8,5
2024-06-27T08:45:02Z,0,0,5.6,5.8,5
2024-06-27T09:00:02Z,0,0,5.6,5.8,5
2024-06-27T09:15:04Z,0,0,5.6,5.8,5
2024-06-27T09:30:04Z,0,0,5.6,5.8,5
2024-06-27T09:45:06Z,0,0,5.6,5.8,5
2024-06-27T10:00:03Z,0,0,5.6,5.8,5
2024-06-27T10:15:02Z,0,0,5.6,5.8,5
2024-06-27T10:30:02Z,0,0,5.6,5.8,5
2024-06-27T10:45:02Z,0,0,5.6,5.8,5
2024-06-27T11:00:02Z,0,0,5.6,5.8,5
2024-06-27T11:15:02Z,0,0,5.6,5.8,5
2024-06-27T11:30:08Z,0,0,5.6,5.8,5
2024-06-27T11:45:03Z,0,0,5.6,5.8,5
2024-06-27T12:00:08Z,0,0,5.6,5.8,5
2024-06-27T12:15:02Z,0,0,5.6,5.8,5
2024-06-27T12:30:09Z,0,0,5.6,5.8,5
2024-06-27T12:45:03Z,0,0,5.6,5.8,5
2024-06-27T13:00:07Z,0,0,5.6,5.8,5
2024-06-27T13:15:03Z,0,0,5.6,5.8,5
2024-06-27T13:30:03Z,0,0,5.6,5.8,5
2024-06-27T13:45:03Z,0,0,5.6,5.8,5
2024-06-27T14:00:03Z,0,0,5.6,5.8,5
2024-06-27T14:15:09Z,0,0,5.6,5.8,5
2024-06-27T14:30:09Z,0,0,5.6,5.8,5
2024-06-27T14:45:02Z,0,0,5.6,5.8,5
2024-06-27T15:00:02Z,0,0,5.6,5.8,5
2024-06-27T15:15:08Z,0,0,5.6,5.8,5
2024-06-27T15:30:09Z,0,0,5.6,5.8,5
2024-06-27T15:45:03Z,0,0,5.6,5.8,5
2024-06-27T16:00:08Z,0,0,5.6,5.8,5
2024-06-27T16:15:10Z,0,0,5.6,5.8,5
2024-06-27T16:30:04Z,0,0,5.6,5.8,5
2024-06-27T16:45:04Z,0,0,5.6,5.8,5
2024-06-27T17:00:09Z,0,0,5.6,5.8,5
2024-06-27T17:15:07Z,0,0,5.6,5.8,5
2024-06-27T17:30:02Z,0,0,5.6,5.8,5
2024-06-27T17:45:06Z,0,0,5.6,5.8,5
2024-06-27T18:00:04Z,0,0,5.6,5.8,5
2024-06-27T18:15:03Z,0,0,5.6,5.8,5
2024-06-27T18:30:10Z,0,0,5.6,5.8,5
2024-06-27T18:45:08Z,0,0,5.6,5.8,5
2024-06-27T19:00:03Z,0,0,5.6,5.8,5
2024-06-27T19:15:09Z,0,0,5.6,5.8,5
2024-06-27T19:30:07Z,0,0,5.6,5.8,5
2024-06-27T19:45:10Z,0,0,5.6,5.8,5
2024-06-27T20:00:02Z,0,0,5.6,5.8,5
2024-06-27T20:15:02Z,0,0,5.6,5.8,5
2024-06-27T20:30:05Z,0,0,5.6,5.8,5
2024-06-27T20:45:09Z,0,0,5.6,5.8,5
2024-06-27T21:00:04Z,0,0,5.6,5.8,5
2024-06-27T21:15:02Z,0,0,5.6,5.8,5
2024-06-27T21:29:35Z,0,0,5.6,5.8,5
2024-06-27T21:31:11Z,0,0,5.6,5.8,5
2024-06-27T21:45:03Z,0,0,5.6,5.8,5
2024-06-27T22:00:08Z,0,0,5.6,5.8,5
2024-06-27T22:15:03Z,0,0,5.6,5.8,5
2024-06-27T22:30:02Z,0,0,5.6,5.8,5
2024-06-27T22:45:03Z,0,0,5.6,5.8,5
2024-06-27T23:00:04Z,0,0,5.6,5.8,5
2024-06-27T23:15:03Z,0,0,5.6,5.8,5
2024-06-27T23:30:03Z,0,0,5.6,5.8,5
2024-06-27T23:45:02Z,0,0,5.6,5.8,5
2024-06-28T00:00:02Z,0,0,5.6,5.8,5
2024-06-28T00:15:02Z,0,0,5.6,5.8,5
2024-06-28T00:30:02Z,0,0,5.6,5.8,5
2024-06-28T00:45:02Z,0,0,5.6,5.8,5
2024-06-28T01:00:02Z,0,0,5.6,5.8,5
2024-06-28T01:15:02Z,0,0,5.6,5.8,5
2024-06-28T01:30:02Z,0,0,5.6,5.8,5
2024-06-28T01:45:20Z,0,0,5.6,5.8,5
2024-06-28T02:00:00Z,0,0,5.6,5.8,5
2024-06-28T02:15:00Z,0,0,5.6,5.8,5
2024-06-28T02:30:00Z,0,0,5.6,5.8,5
2024-06-28T02:45:01Z,0,0,5.6,5.8,5
2024-06-28T03:00:00Z,0,0,5.6,5.8,5
2024-06-28T03:15:00Z,0,0,5.6,5.8,5
2024-06-28T03:30:00Z,0,0,5.6,5.8,5
2024-06-28T03:45:00Z,0,0,5.6,5.8,5
2024-06-28T04:00:01Z,0,0,5.6,5.8,5
2024-06-28T04:15:00Z,0,0,5.6,5.8,5
2024-06-28T04:30:00Z,0,0,5.6,5.8,5
2024-06-28T04:45:00Z,0,0,5.6,5.8,5
2024-06-28T05:00:00Z,0,0,5.6,5.8,5
2024-06-28T05:15:00Z,0,0,5.6,5.8,5
2024-06-28T05:30:00Z,0,0,5.6,5.8,5
2024-06-28T05:45:00Z,0,0,5.6,5.8,5
2024-06-28T06:00:00Z,0,0,5.6,5.8,5
2024-06-28T06:15:01Z,0,0,0,0,5
2024-06-28T06:30:00Z,0,0,0,0,5
2024-06-28T06:45:00Z,0,0,0,0,5
2024-06-28T07:00:00Z,0,0,0,0,5
2024-06-28T07:15:00Z,0,0,0,0,5
2024-06-28T07:30:01Z,0,0,0,0,5
2024-06-28T07:45:00Z,0,0,0,0,5
2024-06-28T08:00:00Z,0,0,0,0,5
2024-06-28T08:15:00Z,0,0,0,0,5
2024-06-28T08:30:00Z,0,0,0,0,5
2024-06-28T08:46:10Z,0,0,0,0,5
2024-06-28T09:00:02Z,0,0,0,0,5
2024-06-28T09:15:08Z,0,0,0,0,5
2024-06-28T09:30:02Z,0,0,0,0,5
2024-06-28T09:45:02Z,0,0,0,0,5
2024-06-28T10:00:02Z,0,0,0,0,5
2024-06-28T10:15:04Z,0,0,0,0,5
2024-06-28T10:30:02Z,0,0,0,0,5
2024-06-28T10:45:02Z,0,0,0,0,5
2024-06-28T11:00:02Z,0,0,0,0,5
2024-06-28T11:15:02Z,0,0,0,0,5
2024-06-28T11:30:02Z,0,0,0,0,5
2024-06-28T11:45:10Z,0,0,0,0,5
2024-06-28T12:00:02Z,0,0,0,0,5
2024-06-28T12:15:02Z,0,0,0,0,5
2024-06-28T12:30:08Z,0,0,0,0,5
2024-06-28T12:45:04Z,0,0,0,0,5
2024-06-28T13:00:02Z,0,0,0,0,5
2024-06-28T13:15:03Z,0,0,0,0,5
2024-06-28T13:30:08Z,0,0,0,0,5
2024-06-28T13:45:02Z,0,0,0,0,5
2024-06-28T14:00:02Z,0,0,0,0,5
2024-06-28T14:15:05Z,0,0,0,0,5
2024-06-28T14:30:05Z,0,0,0,0,5
2024-06-28T14:45:03Z,0,0,0,0,5
2024-06-28T15:00:04Z,0,0,0,0,5
2024-06-28T15:15:08Z,0,0,0,0,5
2024-06-28T15:30:02Z,0,0,0,0,5
2024-06-28T15:45:02Z,0,0,0,0,5
2024-06-28T16:00:08Z,0,0,0,0,5
2024-06-28T16:15:07Z,0,0,0,0,5
2024-06-28T16:30:08Z,0,0,0,0,5
2024-06-28T16:45:03Z,0,0,0,0,5
2024-06-28T17:00:04Z,0,0,0,0,5
2024-06-28T17:15:05Z,0,0,0,0,5
2024-06-28T17:30:02Z,0,0,0,0,5
2024-06-28T17:45:03Z,0,0,0,0,5
2024-06-28T18:00:10Z,0,0,0,0,5
2024-06-28T18:15:10Z,0,0,0,0,5
2024-06-28T18:30:03Z,0,0,0,0,5
2024-06-28T18:45:09Z,0,0,0,0,5
2024-06-28T19:00:09Z,0,0,0,0,5
2024-06-28T19:15:04Z,0,0,0,0,5
2024-06-28T19:30:08Z,0,0,0,0,5
2024-06-28T19:37:49Z,0,0,0,0,5
2024-06-28T19:39:17Z,0,0,0,0,5
2024-06-28T19:45:02Z,0,0,0,0,5
2024-06-28T20:00:02Z,0,0,0,0,5
2024-06-28T20:15:12Z,0,0,0,0,5
2024-06-28T20:30:11Z,0,0,0,0,5
2024-06-28T20:45:08Z,0,0,0,0,5
2024-06-28T21:00:08Z,0,0,0,0,5
2024-06-28T21:15:07Z,0,0,0,0,5
2024-06-28T21:30:09Z,0,0,0,0,5
2024-06-28T21:45:02Z,0,0,0,0,5
2024-06-28T22:00:02Z,0,0,0,0,5
2024-06-28T22:15:02Z,0,0,0,0,5
2024-06-28T22:30:03Z,0,0,0,0,5
2024-06-28T22:45:02Z,0,0,0,0,5
2024-06-28T23:00:02Z,0,0,0,0,5
2024-06-28T23:15:02Z,0,0,0,0,5
2024-06-28T23:30:02Z,0,0,0,0,5
2024-06-28T23:45:03Z,0,0,0,0,5
2024-06-29T00:00:03Z,0,0,0,0,5
2024-06-29T00:15:04Z,0,0,0,0,5
2024-06-29T00:30:02Z,0,0,0,0,5
2024-06-29T00:45:02Z,0,0,0,0,5
2024-06-29T01:00:02Z,3.2,3.2,0,0,5
2024-06-29T01:15:02Z,4.2,4.2,0,0,5
2024-06-29T01:30:02Z,5.4,5.4,0,0,5
2024-06-29T01:45:02Z,8.4,8.6,0,0,5
2024-06-29T02:00:02Z,8.6,9,0,0,5
2024-06-29T02:15:02Z,8.6,9,0,0,5
2024-06-29T02:30:02Z,8.6,9,0,0,5
2024-06-29T02:45:02Z,8.6,9,0,0,5
2024-06-29T03:00:02Z,8.6,9,0,0,5
2024-06-29T03:15:02Z,8.6,9,0,0,5
2024-06-29T03:30:09Z,8.6,9,0,0,5
2024-06-29T03:45:03Z,8.6,9,0,0,5
2024-06-29T04:00:03Z,8.6,9,0,0,5
2024-06-29T04:15:08Z,8.6,9,0,0,5
2024-06-29T04:30:09Z,8.6,9,0,0,5
2024-06-29T04:45:02Z,8.6,9,0,0,5
2024-06-29T05:00:09Z,8.6,9,0,0,5
2024-06-29T05:15:02Z,8.6,9,0,0,5
2024-06-29T05:30:08Z,8.6,9,0,0,5
2024-06-29T05:45:08Z,8.6,9,0,0,5
2024-06-29T06:00:08Z,0,0,8.6,9,5
2024-06-29T06:15:08Z,0,0,8.6,9,5
2024-06-29T06:30:02Z,0,0,8.6,9,5
2024-06-29T06:45:03Z,0,0,8.6,9,5
2024-06-29T07:00:03Z,0,0,8.6,9,5
2024-06-29T07:15:03Z,0,0,8.6,9,5
2024-06-29T07:30:08Z,0,0,8.6,9,5
2024-06-29T07:45:03Z,0,0,8.6,9,5
2024-06-29T08:00:03Z,0,0,8.6,9,5
2024-06-29T08:15:07Z,0,0,8.6,9,5
2024-06-29T08:30:03Z,0,0,8.6,9,5
2024-06-29T08:45:02Z,0,0,8.6,9,5
2024-06-29T09:00:03Z,0,0,8.6,9,5
2024-06-29T09:15:03Z,0,0,8.6,9,5
2024-06-29T09:30:02Z,0,0,8.6,9,5
2024-06-29T09:45:08Z,0,0,8.6,9,5
2024-06-29T10:00:02Z,0,0,8.6,9,5
2024-06-29T10:15:08Z,0,0,8.6,9,5
2024-06-29T10:30:02Z,0,0,8.6,9,5
2024-06-29T10:45:03Z,0,0,8.6,9,5
2024-06-29T11:00:09Z,0,0,8.6,9,5
2024-06-29T11:15:04Z,0,0,8.6,9,5
2024-06-29T11:30:07Z,0,0,8.6,9,5
2024-06-29T11:45:08Z,0,0,8.6,9,5
2024-06-29T12:00:02Z,0,0,8.6,9,5
2024-06-29T12:15:02Z,0,0,8.6,9,5
2024-06-29T12:30:02Z,0,0,8.6,9,5
2024-06-29T12:45:02Z,0,0,8.6,9,5
2024-06-29T13:00:03Z,0,0,8.6,9,5
2024-06-29T13:15:03Z,0,0,8.6,9,5
2024-06-29T13:30:04Z,0,0,8.6,9,5
2024-06-29T13:45:02Z,0,0,8.6,9,5
2024-06-29T14:00:02Z,0,0,8.6,9,5
2024-06-29T14:15:02Z,0,0,8.6,9,5
2024-06-29T14:30:03Z,0,0,8.6,9,5
2024-06-29T14:45:03Z,0,0,8.6,9,5
2024-06-29T15:00:04Z,0,0,8.6,9,5
2024-06-29T15:15:03Z,0,0,8.6,9,5
2024-06-29T15:30:03Z,0,0,8.6,9,5
2024-06-29T15:45:05Z,0,0,8.6,9,5
2024-06-29T16:00:03Z,0,0,8.6,9,5
2024-06-29T16:15:04Z,0,0,8.6,9,5
2024-06-29T16:30:02Z,0,0,8.6,9,5
2024-06-29T16:45:08Z,0,0,8.6,9,5
2024-06-29T17:00:02Z,0,0,8.6,9,5
2024-06-29T17:15:08Z,0,0,8.6,9,5
2024-06-29T17:30:08Z,0,0,8.6,9,5
2024-06-29T17:45:16Z,0,0,8.6,9,5
2024-06-29T17:46:34Z,0,0,8.6,9,5
2024-06-29T17:48:06Z,0,0,8.6,9,5
2024-06-29T18:00:02Z,0,0,8.6,9,5
2024-06-29T18:15:03Z,0,0,8.6,9,5
2024-06-29T18:30:07Z,0,0,8.6,9,5
2024-06-29T18:45:09Z,0,0,8.6,9,5
2024-06-29T19:00:08Z,0,0,8.6,9,5
2024-06-29T19:15:09Z,0,0,8.6,9,5
2024-06-29T19:30:03Z,0,0,8.6,9,5
2024-06-29T19:45:10Z,0,0,8.6,9,5
2024-06-29T20:00:07Z,0,0,8.6,9,5
2024-06-29T20:15:08Z,0,0,8.6,9,5
2024-06-29T20:30:08Z,0,0,8.6,9,5
2024-06-29T20:45:02Z,0,0,8.6,9,5
2024-06-29T21:00:10Z,0,0,8.6,9,5
2024-06-29T21:15:03Z,0,0,8.6,9,5
2024-06-29T21:30:07Z,0,0,8.6,9,5
2024-06-29T21:45:02Z,0,0,8.6,9,5
2024-06-29T22:00:09Z,0,0,8.6,9,5
2024-06-29T22:15:02Z,0,0,8.6,9,5
2024-06-29T22:30:02Z,0,0,8.6,9,5
2024-06-29T22:45:02Z,0,0,8.6,9,5
2024-06-29T23:00:02Z,0,0,8.6,9,5
2024-06-29T23:15:02Z,0,0,8.6,9,5
2024-06-29T23:30:02Z,0,0,8.6,9,5
2024-06-29T23:45:02Z,0,0,8.6,9,5
2024-06-30T00:00:03Z,0,0,8.6,9,5
2024-06-30T00:15:03Z,0,0,8.6,9,5
2024-06-30T00:30:03Z,0,0,8.6,9,5
2024-06-30T00:45:03Z,0,0,8.6,9,5
2024-06-30T01:00:03Z,0,0,8.6,9,5
2024-06-30T01:15:03Z,0,0,8.6,9,5
2024-06-30T01:30:03Z,0,0,8.6,9,5
2024-06-30T01:45:04Z,0,0,8.6,9,5
2024-06-30T02:00:02Z,0,0,8.6,9,5
2024-06-30T02:15:02Z,0,0,8.6,9,5
2024-06-30T02:30:02Z,0,0,8.6,9,5
2024-06-30T02:45:02Z,0,0,8.6,9,5
2024-06-30T03:00:02Z,0,0,8.6,9,5
2024-06-30T03:15:02Z,0,0,8.6,9,5
2024-06-30T03:30:02Z,0,0,8.6,9,5
2024-06-30T03:45:02Z,0,0,8.6,9,5
2024-06-30T04:00:02Z,0,0,8.6,9,5
2024-06-30T04:15:02Z,0,0,8.6,9,5
2024-06-30T04:30:02Z,0,0,8.6,9,5
2024-06-30T04:45:03Z,0,0,8.6,9,5
2024-06-30T05:00:03Z,0,0,8.6,9,5
2024-06-30T05:15:03Z,0,0,8.6,9,5
2024-06-30T05:30:04Z,0,0,8.6,9,5
2024-06-30T05:45:03Z,0,0,8.6,9,5
2024-06-30T06:00:05Z,0,0,0,0,5
2024-06-30T06:15:08Z,0,0,0,0,5
2024-06-30T06:30:03Z,0.6,0.8,0,0,5
2024-06-30T06:45:09Z,0.8,0.8,0,0,5
2024-06-30T07:00:02Z,0.8,0.8,0,0,5
2024-06-30T07:15:02Z,0.8,0.8,0,0,5
2024-06-30T07:30:09Z,0.8,0.8,0,0,5
2024-06-30T07:45:03Z,0.8,0.8,0,0,5
2024-06-30T08:00:03Z,0.8,0.8,0,0,5
2024-06-30T08:15:04Z,0.8,0.8,0,0,5
2024-06-30T08:30:03Z,0.8,0.8,0,0,5
2024-06-30T08:45:03Z,0.8,0.8,0,0,5
2024-06-30T09:00:09Z,0.8,0.8,0,0,5
2024-06-30T09:15:07Z,0.8,0.8,0,0,5
2024-06-30T09:30:07Z,0.8,0.8,0,0,5
2024-06-30T09:45:03Z,0.8,0.8,0,0,5
2024-06-30T10:00:12Z,0.8,0.8,0,0,5
2024-06-30T10:15:03Z,0.8,0.8,0,0,5
2024-06-30T10:30:08Z,0.8,0.8,0,0,5
2024-06-30T10:45:02Z,0.8,0.8,0,0,5
2024-06-30T11:00:04Z,0.8,0.8,0,0,5
2024-06-30T11:15:02Z,0.8,0.8,0,0,5
2024-06-30T11:30:04Z,0.8,0.8,0,0,5
2024-06-30T11:45:03Z,0.8,0.8,0,0,5
2024-06-30T12:00:07Z,0.8,0.8,0,0,5
2024-06-30T12:15:08Z,0.8,0.8,0,0,5
2024-06-30T12:30:08Z,0.8,0.8,0,0,5
2024-06-30T12:45:08Z,0.8,0.8,0,0,5
2024-06-30T13:00:04Z,0.8,0.8,0,0,5
2024-06-30T13:15:03Z,0.8,0.8,0,0,5
2024-06-30T13:30:09Z,0.8,0.8,0,0,5
2024-06-30T13:45:02Z,0.8,0.8,0,0,5
2024-06-30T14:00:05Z,0.8,0.8,0,0,5
2024-06-30T14:15:08Z,0.8,0.8,0,0,5
2024-06-30T14:30:02Z,0.8,0.8,0,0,5
2024-06-30T14:45:03Z,0.8,0.8,0,0,5
2024-06-30T15:00:09Z,0.8,0.8,0,0,5
2024-06-30T15:15:09Z,0.8,0.8,0,0,5
2024-06-30T15:30:09Z,0.8,0.8,0,0,5
2024-06-30T15:45:07Z,0.8,0.8,0,0,5
2024-06-30T15:55:40Z,0.8,0.8,0,0,5
2024-06-30T15:57:11Z,0.8,0.8,0,0,5
2024-06-30T16:00:09Z,0.8,0.8,0,0,5
2024-06-30T16:15:02Z,0.8,0.8,0,0,5
2024-06-30T16:30:02Z,0.8,0.8,0,0,5
2024-06-30T16:45:02Z,0.8,0.8,0,0,5
2024-06-30T17:00:02Z,0.8,0.8,0,0,5
2024-06-30T17:15:08Z,0.8,0.8,0,0,5
2024-06-30T17:30:10Z,0.8,0.8,0,0,5
2024-06-30T17:45:08Z,0.8,0.8,0,0,5
2024-06-30T18:00:09Z,0.8,0.8,0,0,5
2024-06-30T18:15:08Z,0.8,0.8,0,0,5
2024-06-30T18:30:02Z,0.8,0.8,0,0,5
2024-06-30T18:45:07Z,0.8,0.8,0,0,5
2024-06-30T19:00:05Z,0.8,0.8,0,0,5
2024-06-30T19:15:03Z,0.8,0.8,0,0,5
2024-06-30T19:30:10Z,0.8,0.8,0,0,5
2024-06-30T19:45:06Z,0.8,0.8,0,0,5
2024-06-30T20:00:08Z,0.8,0.8,0,0,5
2024-06-30T20:15:08Z,0.8,0.8,0,0,5
2024-06-30T20:30:08Z,0.8,0.8,0,0,5
2024-06-30T20:45:06Z,0.8,0.8,0,0,5
2024-06-30T21:00:07Z,0.8,0.8,0,0,5
2024-06-30T21:15:09Z,0.8,0.8,0,0,5
2024-06-30T21:30:02Z,0.8,0.8,0,0,5
2024-06-30T21:45:08Z,0.8,0.8,0,0,5
2024-06-30T22:00:02Z,0.8,0.8,0,0,5
2024-06-30T22:15:02Z,0.8,0.8,0,0,5
2024-06-30T22:30:02Z,0.8,0.8,0,0,5
2024-06-30T22:45:02Z,0.8,0.8,0,0,5
2024-06-30T23:00:02Z,0.8,0.8,0,0,5
2024-06-30T23:15:03Z,0.8,0.8,0,0,5
2024-06-30T23:30:02Z,0.8,0.8,0,0,5
2024-06-30T23:45:02Z,0.8,0.8,0,0,5
2024-07-01T00:00:02Z,0.8,0.8,0,0,5
2024-07-01T00:15:02Z,0.8,0.8,0,0,5
2024-07-01T00:30:10Z,0.8,0.8,0,0,5
2024-07-01T00:45:02Z,0.8,0.8,0,0,5
2024-07-01T01:00:03Z,0.8,0.8,0,0,5
2024-07-01T01:15:03Z,0.8,0.8,0,0,5
2024-07-01T01:30:03Z,0.8,0.8,0,0,5
2024-07-01T01:45:03Z,0.8,0.8,0,0,5
2024-07-01T02:00:03Z,0.8,0.8,0,0,5
2024-07-01T02:15:03Z,0.8,0.8,0,0,5
2024-07-01T02:30:03Z,0.8,0.8,0,0,5
2024-07-01T02:45:04Z,0.8,0.8,0,0,5
2024-07-01T03:00:02Z,0.8,0.8,0,0,5
2024-07-01T03:15:08Z,0.8,0.8,0,0,5
2024-07-01T03:30:09Z,0.8,0.8,0,0,5
2024-07-01T03:45:03Z,0.8,0.8,0,0,5
2024-07-01T04:00:02Z,0.8,0.8,0,0,5
2024-07-01T04:15:02Z,0.8,0.8,0,0,5
2024-07-01T04:30:02Z,0.8,0.8,0,0,5
2024-07-01T04:45:02Z,0.8,0.8,0,0,5
2024-07-01T05:00:03Z,0.8,0.8,0,0,5
2024-07-01T05:15:03Z,0.8,0.8,0,0,5
2024-07-01T05:30:02Z,0.8,0.8,0,0,5
2024-07-01T05:45:02Z,0.8,0.8,0,0,5
2024-07-01T06:00:02Z,0,0,0.8,0.8,5
2024-07-01T06:15:06Z,0,0,0.8,0.8,5
2024-07-01T06:30:02Z,0,0,0.8,0.8,5
2024-07-01T06:45:06Z,0,0,0.8,0.8,5
