instrument_02tm3p1.csv:2,2024-02-04T08:00:02Z,30.96,31.49,31.44,62.29
instrument_02tm3p1.csv:2,2024-02-04T08:15:04Z,31.07,31.27,31.44,63.36
instrument_02tm3p1.csv:2,2024-02-04T08:30:02Z,32.93,33.26,33.56,54.38
instrument_02tm3p1.csv:2,2024-02-04T08:45:02Z,32.16,32.32,32.88,55.65
instrument_02tm3p1.csv:2,2024-02-04T09:00:02Z,32.53,32.74,33.31,56.15
instrument_02tm3p1.csv:2,2024-02-04T09:15:02Z,33.21,33.47,33.88,56.9
instrument_02tm3p1.csv:2,2024-02-04T09:30:02Z,32.92,33.26,33.69,55.72
instrument_02tm3p1.csv:2,2024-02-04T09:45:02Z,32.65,32.89,33.31,58.22
instrument_02tm3p1.csv:2,2024-02-04T10:00:02Z,32.71,32.75,33.31,59.46
instrument_02tm3p1.csv:2,2024-02-04T10:15:02Z,32.36,32.34,32.94,61.12
instrument_02tm3p1.csv:2,2024-02-04T10:30:03Z,31.71,31.92,32.38,62.54
instrument_02tm3p1.csv:2,2024-02-04T10:45:03Z,31.48,31.69,32,63.86
instrument_02tm3p1.csv:2,2024-02-04T11:00:03Z,32.12,32.3,32.69,62
instrument_02tm3p1.csv:2,2024-02-04T11:15:03Z,31.85,31.98,32.56,63.69
instrument_02tm3p1.csv:2,2024-02-04T11:30:05Z,31.92,31.92,32.56,64.09
instrument_02tm3p1.csv:2,2024-02-04T11:45:02Z,32.03,32.16,32.69,60.97
instrument_02tm3p1.csv:2,2024-02-04T12:00:02Z,31.89,32.13,32.56,59.79
instrument_02tm3p1.csv:2,2024-02-04T12:15:04Z,32.01,32.25,32.75,59.06
instrument_02tm3p1.csv:2,2024-02-04T12:30:02Z,31.58,31.8,32.38,62.44
instrument_02tm3p1.csv:2,2024-02-04T12:45:03Z,31.9,32.02,32.62,62.33
instrument_02tm3p1.csv:2,2024-02-04T13:00:03Z,30.91,31.02,31.56,65.26
instrument_02tm3p1.csv:2,2024-02-04T13:15:04Z,31.49,31.65,32.19,65.13
instrument_02tm3p1.csv:2,2024-02-04T13:30:02Z,30.5,30.6,31,67.27
instrument_02tm3p1.csv:2,2024-02-04T13:45:02Z,30.99,31.1,31.69,65.58
instrument_02tm3p1.csv:2,2024-02-04T14:00:02Z,30.12,30.32,30.94,69.2
instrument_02tm3p1.csv:2,2024-02-04T14:15:03Z,29.97,30.15,30.62,69.35
instrument_02tm3p1.csv:2,2024-02-04T14:30:02Z,29.69,29.87,30.31,69.51
instrument_02tm3p1.csv:2,2024-02-04T14:45:04Z,29.81,29.97,30.44,71.32
instrument_02tm3p1.csv:2,2024-02-04T15:00:09Z,29.09,29.26,29.5,73.44
instrument_02tm3p1.csv:2,2024-02-04T15:15:04Z,28.77,28.95,29.12,74.68
instrument_02tm3p1.csv:2,2024-02-04T15:30:03Z,28.56,28.72,28.88,74.99
instrument_02tm3p1.csv:2,2024-02-04T15:45:02Z,28.28,28.44,28.56,75.74
instrument_02tm3p1.csv:2,2024-02-04T16:00:03Z,28.14,28.3,28.38,76.1
instrument_02tm3p1.csv:2,2024-02-04T16:15:08Z,28.02,28.19,28.25,76.76
instrument_02tm3p1.csv:2,2024-02-04T16:30:02Z,28.02,28.17,28.19,76.78
instrument_02tm3p1.csv:2,2024-02-04T16:45:02Z,27.99,28.16,28.19,77.43
instrument_02tm3p1.csv:2,2024-02-04T17:00:02Z,28.02,28.16,28.19,77.81
instrument_02tm3p1.csv:2,2024-02-04T17:15:03Z,28.03,28.2,28.19,77.41
instrument_02tm3p1.csv:2,2024-02-04T17:30:09Z,27.98,28.13,28.19,77.95
instrument_02tm3p1.csv:2,2024-02-04T17:45:08Z,27.88,28.03,28.06,79.13
instrument_02tm3p1.csv:2,2024-02-04T18:00:08Z,27.85,27.99,28.06,79.94
instrument_02tm3p1.csv:2,2024-02-04T18:15:11Z,27.82,27.96,28,79.95
instrument_02tm3p1.csv:2,2024-02-04T18:30:09Z,27.88,28.05,28.06,79.83
instrument_02tm3p1.csv:2,2024-02-04T18:45:02Z,27.78,27.99,28,80.5
instrument_02tm3p1.csv:2,2024-02-04T19:00:02Z,27.79,27.95,27.94,80.82
instrument_02tm3p1.csv:2,2024-02-04T19:15:03Z,27.66,27.79,27.81,81.5
instrument_02tm3p1.csv:2,2024-02-04T19:30:04Z,27.54,27.68,27.75,82.53
instrument_02tm3p1.csv:2,2024-02-04T19:45:07Z,27.53,27.71,27.69,82.74
instrument_02tm3p1.csv:2,2024-02-04T20:00:05Z,27.64,27.81,27.75,82.95
instrument_02tm3p1.csv:2,2024-02-04T20:15:08Z,27.6,27.75,27.81,83.34
instrument_02tm3p1.csv:2,2024-02-04T20:30:04Z,27.75,27.9,27.81,82.27
instrument_02tm3p1.csv:2,2024-02-04T20:45:03Z,27.62,27.78,27.81,82.92
instrument_02tm3p1.csv:2,2024-02-04T21:00:03Z,27.78,27.92,27.94,82.69
instrument_02tm3p1.csv:2,2024-02-04T21:15:03Z,27.91,28.05,28.06,82.29
instrument_02tm3p1.csv:2,2024-02-04T21:30:02Z,27.87,28.02,28.06,82.33
instrument_02tm3p1.csv:2,2024-02-04T21:45:02Z,27.7,27.84,27.88,83.13
instrument_02tm3p1.csv:2,2024-02-04T22:00:02Z,27.63,27.79,27.81,83.97
instrument_02tm3p1.csv:2,2024-02-04T22:15:02Z,27.42,27.61,27.62,84.59
instrument_02tm3p1.csv:2,2024-02-04T22:30:02Z,26.96,27.2,27.06,86.27
instrument_02tm3p1.csv:2,2024-02-04T22:45:02Z,26.61,26.79,26.69,87.2
instrument_02tm3p1.csv:2,2024-02-04T23:00:02Z,26.29,26.39,26.38,88.16
instrument_02tm3p1.csv:2,2024-02-04T23:05:21Z,26.21,26.35,26.31,88.1
instrument_02tm3p1.csv:2,2024-02-04T23:06:40Z,26.18,26.29,26.25,88.09
instrument_02tm3p1.csv:2,2024-02-04T23:15:03Z,26.07,26.2,26.12,88.45
instrument_02tm3p1.csv:2,2024-02-04T23:30:03Z,25.91,25.98,26,90.11
instrument_02tm3p1.csv:2,2024-02-04T23:45:03Z,25.62,25.72,25.69,90.31
instrument_03tm3p1.csv:3,2024-02-04T08:00:00Z,28.16,27.69,27.06,59.12
instrument_03tm3p1.csv:3,2024-02-04T08:15:00Z,27.66,27.27,26.88,62.03
instrument_03tm3p1.csv:3,2024-02-04T08:30:00Z,28.06,28.44,27.38,58.99
instrument_03tm3p1.csv:3,2024-02-04T08:45:00Z,27.81,27.72,27,61.59
instrument_03tm3p1.csv:3,2024-02-04T09:00:01Z,28.48,28.09,27.75,60.65
instrument_03tm3p1.csv:3,2024-02-04T09:15:23Z,29.85,28.79,28.75,57.73
instrument_03tm3p1.csv:3,2024-02-04T09:30:00Z,30.46,29.08,29,57.04
instrument_03tm3p1.csv:3,2024-02-04T09:45:00Z,30.25,30.21,29.31,53.12
instrument_03tm3p1.csv:3,2024-02-04T10:00:00Z,30.99,29.7,29.56,53.73
instrument_03tm3p1.csv:3,2024-02-04T10:15:01Z,30.42,29.8,29.5,53.47
instrument_03tm3p1.csv:3,2024-02-04T10:30:00Z,31.31,30.04,29.81,53.24
instrument_03tm3p1.csv:3,2024-02-04T10:45:00Z,31.69,30.44,30.19,49.58
instrument_03tm3p1.csv:3,2024-02-04T11:00:00Z,32.31,31.11,30.94,47.71
instrument_03tm3p1.csv:3,2024-02-04T11:15:15Z,32.51,31.5,31.19,47.48
instrument_03tm3p1.csv:3,2024-02-04T11:30:01Z,31.65,30.98,30.62,48.22
instrument_03tm3p1.csv:3,2024-02-04T11:44:25Z,31.72,30.6,30.44,48.91
instrument_03tm3p1.csv:3,2024-02-04T11:45:58Z,31.1,29.79,29.69,50.63
instrument_03tm3p1.csv:3,2024-02-04T12:00:01Z,32.23,30.88,31,48.79
instrument_03tm3p1.csv:3,2024-02-04T12:15:01Z,31.41,30.07,30,48.41
instrument_03tm3p1.csv:3,2024-02-04T12:30:00Z,32.42,31.29,31,47.05
instrument_03tm3p1.csv:3,2024-02-04T12:45:00Z,32.26,30.61,30.56,46.08
instrument_03tm3p1.csv:3,2024-02-04T13:00:00Z,32.34,30.85,30.75,46.36
instrument_03tm3p1.csv:3,2024-02-04T13:15:00Z,30.71,29.55,29.44,49.69
instrument_03tm3p1.csv:3,2024-02-04T13:30:01Z,31.91,30.33,30.19,45.12
instrument_03tm3p1.csv:3,2024-02-04T13:45:11Z,31.51,30.03,29.88,47.48
instrument_03tm3p1.csv:3,2024-02-04T14:00:00Z,31.11,29.63,29.5,47.81
instrument_03tm3p1.csv:3,2024-02-04T14:15:13Z,30.69,29.25,29.19,48.78
instrument_03tm3p1.csv:3,2024-02-04T14:30:00Z,30.42,29.07,29.06,49.19
instrument_03tm3p1.csv:3,2024-02-04T14:45:00Z,30.1,28.77,28.75,50.07
instrument_03tm3p1.csv:3,2024-02-04T15:00:07Z,29.85,28.65,28.69,50.73
instrument_03tm3p1.csv:3,2024-02-04T15:15:00Z,28.75,27.97,27.94,52.06
instrument_03tm3p1.csv:3,2024-02-04T15:30:01Z,28.34,27.59,27.56,52.07
instrument_03tm3p1.csv:3,2024-02-04T15:45:00Z,27.82,27.12,27.06,53.97
instrument_03tm3p1.csv:3,2024-02-04T16:00:00Z,27.22,26.49,26.44,56.05
instrument_03tm3p1.csv:3,2024-02-04T16:15:10Z,26.5,25.76,25.75,58.55
instrument_03tm3p1.csv:3,2024-02-04T16:30:01Z,25.88,25.2,25.19,60.36
instrument_03tm3p1.csv:3,2024-02-04T16:45:01Z,25.43,24.76,24.75,62.64
instrument_03tm3p1.csv:3,2024-02-04T17:00:00Z,25.27,24.64,24.56,63.93
instrument_03tm3p1.csv:3,2024-02-04T17:15:03Z,25.11,24.48,24.44,65.15
instrument_03tm3p1.csv:3,2024-02-04T17:30:01Z,24.68,24.01,23.94,67.26
instrument_03tm3p1.csv:3,2024-02-04T17:45:01Z,24.47,23.84,23.81,67.68
instrument_03tm3p1.csv:3,2024-02-04T18:00:01Z,24.37,23.72,23.69,68.06
instrument_03tm3p1.csv:3,2024-02-04T18:15:01Z,23.97,23.34,23.25,69.14
instrument_03tm3p1.csv:3,2024-02-04T18:30:04Z,23.69,23.04,23,69.94
instrument_03tm3p1.csv:3,2024-02-04T18:45:00Z,23.6,22.93,22.88,70.05
instrument_03tm3p1.csv:3,2024-02-04T19:00:01Z,23.04,22.33,22.31,72.98
instrument_03tm3p1.csv:3,2024-02-04T19:15:00Z,22.91,22.32,22.19,74.61
instrument_03tm3p1.csv:3,2024-02-04T19:30:00Z,22.95,22.36,22.31,74.26
instrument_03tm3p1.csv:3,2024-02-04T19:45:00Z,22.94,22.32,22.19,74.11
instrument_03tm3p1.csv:3,2024-02-04T20:00:01Z,22.63,21.98,21.81,75.46
instrument_03tm3p1.csv:3,2024-02-04T20:15:13Z,22.42,21.8,21.69,75.8
instrument_03tm3p1.csv:3,2024-02-04T20:30:00Z,22.56,22.05,21.88,73.75
instrument_03tm3p1.csv:3,2024-02-04T20:45:00Z,22.62,21.97,21.94,73.69
instrument_03tm3p1.csv:3,2024-02-04T21:00:01Z,22.57,22.01,21.88,74.1
instrument_03tm3p1.csv:3,2024-02-04T21:15:00Z,22.59,22,21.88,76.73
instrument_03tm3p1.csv:3,2024-02-04T21:30:00Z,22.73,22.09,22,77.07
instrument_03tm3p1.csv:3,2024-02-04T21:45:00Z,22.63,21.97,21.88,78.49
instrument_03tm3p1.csv:3,2024-02-04T22:00:00Z,22.28,21.64,21.5,84.93
instrument_03tm3p1.csv:3,2024-02-04T22:15:11Z,22.27,21.67,21.56,86.19
instrument_03tm3p1.csv:3,2024-02-04T22:30:00Z,22.56,21.92,21.88,85.24
instrument_03tm3p1.csv:3,2024-02-04T22:45:01Z,22.53,21.9,21.81,85.41
instrument_03tm3p1.csv:3,2024-02-04T23:00:00Z,22.41,21.73,21.62,86.03
instrument_03tm3p1.csv:3,2024-02-04T23:15:00Z,22.33,21.65,21.5,86.4
instrument_03tm3p1.csv:3,2024-02-04T23:30:00Z,22.19,21.5,21.38,87
instrument_03tm3p1.csv:3,2024-02-04T23:45:00Z,22.08,21.43,21.25,87.5
instrument_04tm3p1.csv:4,2024-02-04T08:00:02Z,26.89,25.82,25.94,72.54
instrument_04tm3p1.csv:4,2024-02-04T08:15:02Z,27.13,25.73,25.94,71.56
instrument_04tm3p1.csv:4,2024-02-04T08:30:02Z,28.05,26.82,26.94,68.83
instrument_04tm3p1.csv:4,2024-02-04T08:45:02Z,27.79,26.47,26.44,69.36
instrument_04tm3p1.csv:4,2024-02-04T09:00:02Z,28.02,26.68,26.88,66.96
instrument_04tm3p1.csv:4,2024-02-04T09:15:02Z,28.36,27.18,27.44,65.3
instrument_04tm3p1.csv:4,2024-02-04T09:30:02Z,28.57,27.22,27.44,63.96
instrument_04tm3p1.csv:4,2024-02-04T09:45:02Z,29.26,27.96,28.19,62.29
instrument_04tm3p1.csv:4,2024-02-04T10:00:03Z,29.47,28.18,28.44,62.09
instrument_04tm3p1.csv:4,2024-02-04T10:15:03Z,30.06,28.47,28.81,58.89
instrument_04tm3p1.csv:4,2024-02-04T10:30:03Z,29.86,28.51,28.81,56.02
instrument_04tm3p1.csv:4,2024-02-04T10:45:03Z,30.3,28.74,29,55.8
instrument_04tm3p1.csv:4,2024-02-04T11:00:02Z,30.72,29.32,29.62,53.76
instrument_04tm3p1.csv:4,2024-02-04T11:15:02Z,29.7,28.37,28.75,56.77
instrument_04tm3p1.csv:4,2024-02-04T11:30:02Z,29.89,28.36,28.62,55.83
instrument_04tm3p1.csv:4,2024-02-04T11:45:02Z,30.12,28.48,28.69,55.58
instrument_04tm3p1.csv:4,2024-02-04T12:00:02Z,30.52,28.94,29.19,55.79
instrument_04tm3p1.csv:4,2024-02-04T12:15:02Z,30.06,28.5,28.88,56.32
instrument_04tm3p1.csv:4,2024-02-04T12:30:02Z,30.4,28.95,29.25,54.54
instrument_04tm3p1.csv:4,2024-02-04T12:45:02Z,30.84,29.13,29.31,52.81
instrument_04tm3p1.csv:4,2024-02-04T13:00:02Z,30.54,28.95,29.19,53.44
instrument_04tm3p1.csv:4,2024-02-04T13:15:02Z,30.09,28.52,28.88,53.48
instrument_04tm3p1.csv:4,2024-02-04T13:30:02Z,29.68,28.2,28.56,53.47
instrument_04tm3p1.csv:4,2024-02-04T13:45:03Z,29.95,28.52,28.88,50.73
instrument_04tm3p1.csv:4,2024-02-04T14:00:02Z,30.89,29.02,29.5,49.4
instrument_04tm3p1.csv:4,2024-02-04T14:15:03Z,30.22,28.44,28.81,50.18
instrument_04tm3p1.csv:4,2024-02-04T14:30:02Z,29.32,27.92,28.25,51.06
instrument_04tm3p1.csv:4,2024-02-04T14:45:03Z,29.22,27.77,28.06,52.65
instrument_04tm3p1.csv:4,2024-02-04T15:00:04Z,29.05,27.47,27.69,51.86
instrument_04tm3p1.csv:4,2024-02-04T15:15:03Z,28.69,27.11,27.31,53.7
instrument_04tm3p1.csv:4,2024-02-04T15:30:03Z,27.4,26.36,26.5,57.02
instrument_04tm3p1.csv:4,2024-02-04T15:45:03Z,26.74,25.63,25.81,60.99
instrument_04tm3p1.csv:4,2024-02-04T16:00:03Z,25.15,24.34,24.94,65.84
instrument_04tm3p1.csv:4,2024-02-04T16:15:04Z,23.83,23.08,23.69,71.26
instrument_04tm3p1.csv:4,2024-02-04T16:30:02Z,22.76,22.09,22.56,74.97
instrument_04tm3p1.csv:4,2024-02-04T16:45:04Z,22.3,21.39,21.75,78.73
instrument_04tm3p1.csv:4,2024-02-04T17:00:02Z,21.49,20.81,21.19,80.63
instrument_04tm3p1.csv:4,2024-02-04T17:15:04Z,21.13,20.46,20.69,81.52
instrument_04tm3p1.csv:4,2024-02-04T17:30:02Z,20.73,20.02,20.25,83.49
instrument_04tm3p1.csv:4,2024-02-04T17:45:03Z,20.3,19.68,19.88,84.66
instrument_04tm3p1.csv:4,2024-02-04T18:00:03Z,20.3,19.75,19.88,83.62
instrument_04tm3p1.csv:4,2024-02-04T18:15:02Z,20.13,19.6,19.62,83.8
instrument_04tm3p1.csv:4,2024-02-04T18:30:02Z,19.99,19.46,19.5,84.44
instrument_04tm3p1.csv:4,2024-02-04T18:45:02Z,20.04,19.55,19.5,83.13
instrument_04tm3p1.csv:4,2024-02-04T19:00:02Z,20.55,20.15,19.88,81.04
instrument_04tm3p1.csv:4,2024-02-04T19:15:02Z,20.26,19.68,19.75,82.61
instrument_04tm3p1.csv:4,2024-02-04T19:30:02Z,19.93,19.38,19.44,84.81
instrument_04tm3p1.csv:4,2024-02-04T19:45:02Z,19.54,18.93,19.06,86.79
instrument_04tm3p1.csv:4,2024-02-04T20:00:02Z,19.4,18.73,18.81,88.35
instrument_04tm3p1.csv:4,2024-02-04T20:15:02Z,19.13,18.43,18.5,89.54
instrument_04tm3p1.csv:4,2024-02-04T20:30:02Z,18.96,18.36,18.5,90.02
instrument_04tm3p1.csv:4,2024-02-04T20:45:02Z,19.01,18.43,18.44,89.97
instrument_04tm3p1.csv:4,2024-02-04T21:00:02Z,18.97,18.32,18.44,91.09
instrument_04tm3p1.csv:4,2024-02-04T21:15:02Z,19.27,18.82,18.75,90.89
instrument_04tm3p1.csv:4,2024-02-04T21:30:02Z,21.02,20.57,20.56,85.39
instrument_04tm3p1.csv:4,2024-02-04T21:45:02Z,21.47,21,21.06,91.21
instrument_04tm3p1.csv:4,2024-02-04T22:00:02Z,21.58,21.12,21.19,93.13
instrument_04tm3p1.csv:4,2024-02-04T22:15:02Z,21.53,21.04,21.06,93.54
instrument_04tm3p1.csv:4,2024-02-04T22:30:02Z,21.5,21,21,93.41
instrument_04tm3p1.csv:4,2024-02-04T22:45:02Z,21.37,20.88,20.88,93.22
instrument_04tm3p1.csv:4,2024-02-04T23:00:02Z,21.41,20.91,20.94,93.04
instrument_04tm3p1.csv:4,2024-02-04T23:15:02Z,21.46,20.91,20.94,93.85
instrument_04tm3p1.csv:4,2024-02-04T23:30:02Z,19.44,18.97,19.06,89.61
instrument_04tm3p1.csv:4,2024-02-04T23:45:02Z,18.36,17.82,18,95.71
instrument_06tm3p1.csv:6,2024-02-04T13:15:00Z,34.16,33.62,34.06,57.62
instrument_07tm3p1.csv:7,2024-02-04T08:00:02Z,31.31,30.63,30.38,75.46
instrument_07tm3p1.csv:7,2024-02-04T08:15:02Z,31.52,31.04,30.69,72.86
instrument_07tm3p1.csv:7,2024-02-04T08:30:03Z,31.97,31.42,31.25,71.34
instrument_07tm3p1.csv:7,2024-02-04T08:45:04Z,31.92,31.45,31.12,70.38
instrument_07tm3p1.csv:7,2024-02-04T09:00:02Z,32.2,31.75,31.44,69.43
instrument_07tm3p1.csv:7,2024-02-04T09:15:02Z,32.61,32.03,31.81,69.99
instrument_07tm3p1.csv:7,2024-02-04T09:30:02Z,32.39,31.79,31.38,68.49
instrument_07tm3p1.csv:7,2024-02-04T09:45:04Z,32.59,31.92,31.62,69.06
instrument_07tm3p1.csv:7,2024-02-04T10:00:02Z,32.43,31.99,31.69,65.47
instrument_07tm3p1.csv:7,2024-02-04T10:15:02Z,32.03,31.66,31.31,66.88
instrument_07tm3p1.csv:7,2024-02-04T10:30:03Z,32.69,32.21,31.75,62.31
instrument_07tm3p1.csv:7,2024-02-04T10:45:04Z,32.13,31.8,31.38,67.78
instrument_07tm3p1.csv:7,2024-02-04T11:00:02Z,32.49,31.96,31.62,65.1
instrument_07tm3p1.csv:7,2024-02-04T11:15:02Z,32.42,31.97,31.75,65.86
instrument_07tm3p1.csv:7,2024-02-04T11:30:02Z,32.4,31.94,31.75,67.84
instrument_07tm3p1.csv:7,2024-02-04T11:45:03Z,32.59,32.09,31.88,67.12
instrument_07tm3p1.csv:7,2024-02-04T12:00:03Z,32.31,31.83,31.69,69.59
instrument_07tm3p1.csv:7,2024-02-04T12:15:04Z,31.64,31.49,31,68.28
instrument_07tm3p1.csv:7,2024-02-04T12:30:03Z,31.9,31.55,31.25,70.46
instrument_07tm3p1.csv:7,2024-02-04T12:45:02Z,31.14,30.88,30.56,70.81
instrument_07tm3p1.csv:7,2024-02-04T13:00:02Z,31.63,31.19,31.06,71.47
instrument_07tm3p1.csv:7,2024-02-04T13:15:02Z,30.91,30.63,30.38,72.37
instrument_07tm3p1.csv:7,2024-02-04T13:30:02Z,31.23,30.77,30.69,71.97
instrument_07tm3p1.csv:7,2024-02-04T13:45:04Z,30.76,30.4,30.19,72.1
instrument_07tm3p1.csv:7,2024-02-04T14:00:03Z,30.66,30.23,30.06,75
instrument_07tm3p1.csv:7,2024-02-04T14:15:03Z,30.21,29.73,29.69,75.62
instrument_07tm3p1.csv:7,2024-02-04T14:30:03Z,30.19,29.63,29.62,77.07
instrument_07tm3p1.csv:7,2024-02-04T14:45:03Z,29.86,29.29,29.25,77.56
instrument_07tm3p1.csv:7,2024-02-04T15:00:02Z,29.63,29.1,29.06,79.24
instrument_07tm3p1.csv:7,2024-02-04T15:15:02Z,29.35,28.8,28.81,80.12
instrument_07tm3p1.csv:7,2024-02-04T15:30:00Z,29.25,28.66,28.62,81.2
instrument_07tm3p1.csv:7,2024-02-04T15:45:01Z,29,28.37,28.38,81.68
instrument_07tm3p1.csv:7,2024-02-04T16:00:00Z,28.97,28.32,28.38,81.8
instrument_07tm3p1.csv:7,2024-02-04T16:15:00Z,29.04,28.4,28.44,81.68
instrument_07tm3p1.csv:7,2024-02-04T16:30:00Z,28.95,28.31,28.31,82.02
instrument_07tm3p1.csv:7,2024-02-04T16:45:00Z,28.94,28.32,28.38,82.18
instrument_07tm3p1.csv:7,2024-02-04T17:00:22Z,28.89,28.23,28.25,82.74
instrument_07tm3p1.csv:7,2024-02-04T17:15:03Z,28.89,28.23,28.25,83.47
instrument_07tm3p1.csv:7,2024-02-04T17:30:03Z,28.84,28.19,28.31,83.44
instrument_07tm3p1.csv:7,2024-02-04T17:45:03Z,28.88,28.2,28.25,83.37
instrument_07tm3p1.csv:7,2024-02-04T18:00:02Z,28.81,28.17,28.19,83.83
instrument_07tm3p1.csv:7,2024-02-04T18:15:02Z,28.76,28.1,28.12,83.94
instrument_07tm3p1.csv:7,2024-02-04T18:30:02Z,28.85,28.19,28.25,84.17
instrument_07tm3p1.csv:7,2024-02-04T18:45:00Z,28.76,28.1,28.19,84.86
instrument_07tm3p1.csv:7,2024-02-04T19:00:00Z,28.8,28.12,28.12,84.81
instrument_07tm3p1.csv:7,2024-02-04T19:15:01Z,28.96,28.29,28.31,85
instrument_07tm3p1.csv:7,2024-02-04T19:30:00Z,28.93,28.23,28.31,85.85
instrument_07tm3p1.csv:7,2024-02-04T19:45:00Z,28.79,28.13,28.19,85.94
instrument_07tm3p1.csv:7,2024-02-04T20:00:00Z,28.89,28.22,28.25,85.83
instrument_07tm3p1.csv:7,2024-02-04T20:15:00Z,28.97,28.31,28.38,85.52
instrument_07tm3p1.csv:7,2024-02-04T20:30:00Z,28.9,28.22,28.25,86.5
instrument_07tm3p1.csv:7,2024-02-04T20:45:01Z,28.81,28.16,28.19,85.59
instrument_07tm3p1.csv:7,2024-02-04T21:00:00Z,28.68,28.01,28,86.26
instrument_07tm3p1.csv:7,2024-02-04T21:15:00Z,28.51,27.84,27.94,86.58
instrument_07tm3p1.csv:7,2024-02-04T21:30:00Z,28.54,27.85,27.88,86.06
instrument_07tm3p1.csv:7,2024-02-04T21:45:00Z,28.57,27.91,27.88,86.45
instrument_07tm3p1.csv:7,2024-02-04T22:00:00Z,28.58,27.89,27.94,85.39
instrument_07tm3p1.csv:7,2024-02-04T22:15:01Z,28.54,27.86,27.88,85.44
instrument_07tm3p1.csv:7,2024-02-04T22:30:00Z,28.47,27.81,27.88,85.82
instrument_07tm3p1.csv:7,2024-02-04T22:45:00Z,28.43,27.71,27.81,86.11
instrument_07tm3p1.csv:7,2024-02-04T23:00:00Z,28.45,27.74,27.81,85.89
instrument_07tm3p1.csv:7,2024-02-04T23:15:00Z,28.35,27.66,27.69,85.66
instrument_07tm3p1.csv:7,2024-02-04T23:30:00Z,28.33,27.64,27.75,84.92
instrument_07tm3p1.csv:7,2024-02-04T23:45:01Z,28.34,27.65,27.75,85.69
instrument_08tm3p1.csv:8,2024-02-04T08:00:02Z,32.61,31.26,31.5,69.74
instrument_08tm3p1.csv:8,2024-02-04T08:15:02Z,32.83,31.48,31.81,67.8
instrument_08tm3p1.csv:8,2024-02-04T08:30:02Z,33.3,31.96,32.12,68.04
instrument_08tm3p1.csv:8,2024-02-04T08:45:02Z,34.05,32.56,32.69,62.17
instrument_08tm3p1.csv:8,2024-02-04T09:00:02Z,34.35,32.9,33.12,62.15
instrument_08tm3p1.csv:8,2024-02-04T09:15:02Z,33.91,32.54,32.75,61.08
instrument_08tm3p1.csv:8,2024-02-04T09:30:02Z,34.11,32.52,33,60.31
instrument_08tm3p1.csv:8,2024-02-04T09:45:02Z,34.39,32.82,33.38,57.29
instrument_08tm3p1.csv:8,2024-02-04T10:00:02Z,35.05,33.56,34,57.13
instrument_08tm3p1.csv:8,2024-02-04T10:15:02Z,34.35,32.7,33.19,56.43
instrument_08tm3p1.csv:8,2024-02-04T10:30:02Z,34.54,33.09,33.56,53.47
instrument_08tm3p1.csv:8,2024-02-04T10:45:02Z,34.63,33.11,33.69,55.24
instrument_08tm3p1.csv:8,2024-02-04T11:00:02Z,34.87,33.33,33.88,56.29
instrument_08tm3p1.csv:8,2024-02-04T11:15:02Z,34.6,33.22,33.94,55.49
instrument_08tm3p1.csv:8,2024-02-04T11:30:02Z,35.58,34,34.75,53.39
instrument_08tm3p1.csv:8,2024-02-04T11:45:03Z,34.62,33.18,33.88,56.41
instrument_08tm3p1.csv:8,2024-02-04T12:00:03Z,34.15,32.85,33.38,58.47
instrument_08tm3p1.csv:8,2024-02-04T12:15:02Z,34.6,33.26,33.69,58.35
instrument_08tm3p1.csv:8,2024-02-04T12:30:03Z,33.99,32.74,33.19,58.55
instrument_08tm3p1.csv:8,2024-02-04T12:45:02Z,33.97,32.61,33.31,60.28
instrument_08tm3p1.csv:8,2024-02-04T13:00:02Z,33.7,32.41,33,62.56
instrument_08tm3p1.csv:8,2024-02-04T13:15:02Z,33.51,32.36,32.94,60.68
instrument_08tm3p1.csv:8,2024-02-04T13:30:02Z,33.79,32.46,33.06,60.35
instrument_08tm3p1.csv:8,2024-02-04T13:45:02Z,32.84,31.72,32.31,61.86
instrument_08tm3p1.csv:8,2024-02-04T14:00:02Z,32.71,31.5,31.94,65.31
instrument_08tm3p1.csv:8,2024-02-04T14:15:02Z,32,30.85,31.38,68.87
instrument_08tm3p1.csv:8,2024-02-04T14:30:02Z,31.74,30.52,30.94,69.6
instrument_08tm3p1.csv:8,2024-02-04T14:45:02Z,31.02,29.95,30.25,72.68
instrument_08tm3p1.csv:8,2024-02-04T15:00:02Z,30.5,29.55,29.88,75.15
instrument_08tm3p1.csv:8,2024-02-04T15:15:02Z,30.14,29.18,29.25,77.54
instrument_08tm3p1.csv:8,2024-02-04T15:30:02Z,29.7,28.84,28.88,79.08
instrument_08tm3p1.csv:8,2024-02-04T15:45:02Z,29.35,28.53,28.44,80.07
instrument_08tm3p1.csv:8,2024-02-04T16:00:02Z,29.15,28.35,28.31,81.46
instrument_08tm3p1.csv:8,2024-02-04T16:15:03Z,29.03,28.24,28.12,81.49
instrument_08tm3p1.csv:8,2024-02-04T16:30:03Z,28.99,28.17,28.06,81.55
instrument_08tm3p1.csv:8,2024-02-04T16:45:03Z,28.95,28.1,28,81.8
instrument_08tm3p1.csv:8,2024-02-04T17:00:02Z,28.87,28.05,28,82.4
instrument_08tm3p1.csv:8,2024-02-04T17:15:02Z,28.83,28.01,27.88,83.19
instrument_08tm3p1.csv:8,2024-02-04T17:30:02Z,28.72,27.9,27.81,83.83
instrument_08tm3p1.csv:8,2024-02-04T17:45:02Z,28.67,27.89,27.75,83.75
instrument_08tm3p1.csv:8,2024-02-04T18:00:03Z,28.67,27.86,27.69,83.96
instrument_08tm3p1.csv:8,2024-02-04T18:15:03Z,28.64,27.84,27.69,83.88
instrument_08tm3p1.csv:8,2024-02-04T18:30:03Z,28.62,27.77,27.69,84.66
instrument_08tm3p1.csv:8,2024-02-04T18:45:04Z,28.65,27.87,27.69,85.13
instrument_08tm3p1.csv:8,2024-02-04T19:00:03Z,28.58,27.77,27.62,85.49
instrument_08tm3p1.csv:8,2024-02-04T19:15:03Z,28.73,27.96,27.81,85.24
instrument_08tm3p1.csv:8,2024-02-04T19:30:03Z,28.81,28.03,27.88,85.51
instrument_08tm3p1.csv:8,2024-02-04T19:45:03Z,28.96,28.12,28,85.17
instrument_08tm3p1.csv:8,2024-02-04T20:00:02Z,28.96,28.11,28.06,85.87
instrument_08tm3p1.csv:8,2024-02-04T20:15:04Z,29.01,28.2,28.06,85.65
instrument_08tm3p1.csv:8,2024-02-04T20:30:03Z,28.97,28.11,28,85.67
instrument_08tm3p1.csv:8,2024-02-04T20:45:03Z,28.87,28.03,27.88,85.73
instrument_08tm3p1.csv:8,2024-02-04T21:00:03Z,28.75,27.9,27.75,86.24
instrument_08tm3p1.csv:8,2024-02-04T21:15:02Z,28.65,27.8,27.69,86.49
instrument_08tm3p1.csv:8,2024-02-04T21:30:02Z,28.57,27.74,27.62,86.87
instrument_08tm3p1.csv:8,2024-02-04T21:45:02Z,28.36,27.5,27.38,87.45
instrument_08tm3p1.csv:8,2024-02-04T22:00:03Z,28.37,27.57,27.44,86.61
instrument_08tm3p1.csv:8,2024-02-04T22:15:03Z,28.41,27.59,27.5,86.18
instrument_08tm3p1.csv:8,2024-02-04T22:30:04Z,28.36,27.5,27.38,86.66
instrument_08tm3p1.csv:8,2024-02-04T22:45:02Z,28.24,27.34,27.25,87.58
instrument_08tm3p1.csv:8,2024-02-04T23:00:02Z,28.3,27.45,27.38,87.4
instrument_08tm3p1.csv:8,2024-02-04T23:15:02Z,28.25,27.38,27.25,87.6
instrument_08tm3p1.csv:8,2024-02-04T23:30:02Z,28.02,27.15,27,88.01
instrument_08tm3p1.csv:8,2024-02-04T23:45:02Z,27.78,26.87,26.75,88.67
instrument_09tm3p1.csv:9,2024-02-04T08:00:02Z,29.52,29.07,29.12,61.8
instrument_09tm3p1.csv:9,2024-02-04T08:15:02Z,29.82,29.6,29.5,60.47
instrument_09tm3p1.csv:9,2024-02-04T08:30:02Z,29.47,29.03,29.12,61.67
instrument_09tm3p1.csv:9,2024-02-04T08:45:03Z,29.81,29.55,29.31,60.75
instrument_09tm3p1.csv:9,2024-02-04T09:00:03Z,30.57,30.29,30.06,59
instrument_09tm3p1.csv:9,2024-02-04T09:15:04Z,30.67,30.32,30.5,60.14
instrument_09tm3p1.csv:9,2024-02-04T09:30:02Z,30.54,30.04,30.31,59.91
instrument_09tm3p1.csv:9,2024-02-04T09:45:02Z,32.08,31.62,31.88,54.99
instrument_09tm3p1.csv:9,2024-02-04T10:00:02Z,31.48,31,31.56,57.07
instrument_09tm3p1.csv:9,2024-02-04T10:15:02Z,31.77,31.41,31.5,55.06
instrument_09tm3p1.csv:9,2024-02-04T10:30:03Z,32.34,32.1,32.44,52.52
instrument_09tm3p1.csv:9,2024-02-04T10:45:03Z,32.62,32.25,32.38,51.74
instrument_09tm3p1.csv:9,2024-02-04T11:00:04Z,31.89,31.76,31.5,51.03
instrument_09tm3p1.csv:9,2024-02-04T11:15:03Z,32.41,32.05,32.38,48.55
instrument_09tm3p1.csv:9,2024-02-04T11:30:03Z,33.34,32.87,33.44,46.29
instrument_09tm3p1.csv:9,2024-02-04T11:45:02Z,33.53,32.98,33.38,46.51
instrument_09tm3p1.csv:9,2024-02-04T12:00:02Z,33.39,33.17,33.12,45.56
instrument_09tm3p1.csv:9,2024-02-04T12:15:02Z,33.63,33.44,33.38,44.12
instrument_09tm3p1.csv:9,2024-02-04T12:30:02Z,33.14,32.83,33.19,44.77
instrument_09tm3p1.csv:9,2024-02-04T12:45:02Z,34.09,33.85,34,43.4
instrument_09tm3p1.csv:9,2024-02-04T13:00:03Z,33.02,32.63,32.81,45.72
instrument_09tm3p1.csv:9,2024-02-04T13:15:03Z,32.98,32.47,32.75,45.94
instrument_09tm3p1.csv:9,2024-02-04T13:30:03Z,33.82,33.41,33.81,43.21
instrument_09tm3p1.csv:9,2024-02-04T13:45:03Z,32.75,32.22,32.62,46
instrument_09tm3p1.csv:9,2024-02-04T14:00:02Z,33.32,32.94,33.31,43.75
instrument_09tm3p1.csv:9,2024-02-04T14:15:02Z,33.38,32.84,33.06,44.14
instrument_09tm3p1.csv:9,2024-02-04T14:30:02Z,32.84,32.37,32.69,43.29
instrument_09tm3p1.csv:9,2024-02-04T14:45:05Z,32.68,32.12,32.44,44.76
instrument_09tm3p1.csv:9,2024-02-04T15:00:03Z,32.13,31.66,31.81,43.9
instrument_09tm3p1.csv:9,2024-02-04T15:15:02Z,31.95,31.41,31.62,44.82
instrument_09tm3p1.csv:9,2024-02-04T15:30:02Z,31.5,30.96,31.06,45.83
instrument_09tm3p1.csv:9,2024-02-04T15:45:02Z,31.03,30.47,30.56,46.69
instrument_09tm3p1.csv:9,2024-02-04T16:00:02Z,30.66,30.13,30.12,47.33
instrument_09tm3p1.csv:9,2024-02-04T16:15:02Z,29.96,29.6,29.5,49.24
instrument_09tm3p1.csv:9,2024-02-04T16:30:02Z,29.45,28.98,28.94,51.2
instrument_09tm3p1.csv:9,2024-02-04T16:45:02Z,29.15,28.62,28.62,52.13
instrument_09tm3p1.csv:9,2024-02-04T17:00:03Z,28.84,28.31,28.25,53
instrument_09tm3p1.csv:9,2024-02-04T17:15:04Z,27.51,26.98,27.12,66.69
instrument_09tm3p1.csv:9,2024-02-04T17:30:03Z,27.03,26.44,26.5,69.93
instrument_09tm3p1.csv:9,2024-02-04T17:45:02Z,26.72,26.14,26.12,72.71
instrument_09tm3p1.csv:9,2024-02-04T18:00:02Z,26.45,25.87,25.88,74.22
instrument_09tm3p1.csv:9,2024-02-04T18:15:02Z,26.11,25.56,25.56,75.11
instrument_09tm3p1.csv:9,2024-02-04T18:30:02Z,25.88,25.32,25.31,73.71
instrument_09tm3p1.csv:9,2024-02-04T18:45:02Z,25.59,25.04,25,74.1
instrument_09tm3p1.csv:9,2024-02-04T19:00:03Z,25.3,24.77,24.81,75.45
instrument_09tm3p1.csv:9,2024-02-04T19:15:02Z,25,24.5,24.5,77.65
instrument_09tm3p1.csv:9,2024-02-04T19:30:02Z,24.83,24.24,24.25,78.23
instrument_09tm3p1.csv:9,2024-02-04T19:45:03Z,24.56,24,23.94,78.55
instrument_09tm3p1.csv:9,2024-02-04T20:00:04Z,24.32,23.82,23.75,78.84
instrument_09tm3p1.csv:9,2024-02-04T20:15:02Z,24.22,23.66,23.62,79.26
instrument_09tm3p1.csv:9,2024-02-04T20:30:02Z,24.09,23.56,23.5,79.95
instrument_09tm3p1.csv:9,2024-02-04T20:45:02Z,23.93,23.38,23.38,80.95
instrument_09tm3p1.csv:9,2024-02-04T21:00:02Z,23.73,23.18,23.19,82.9
instrument_09tm3p1.csv:9,2024-02-04T21:15:03Z,23.55,23.02,22.94,84.07
instrument_09tm3p1.csv:9,2024-02-04T21:30:03Z,23.58,23,22.94,85.13
instrument_09tm3p1.csv:9,2024-02-04T21:45:03Z,23.41,22.88,22.81,85.71
instrument_09tm3p1.csv:9,2024-02-04T22:00:03Z,23.3,22.73,22.69,85.9
instrument_09tm3p1.csv:9,2024-02-04T22:15:03Z,23.16,22.59,22.62,86.06
instrument_09tm3p1.csv:9,2024-02-04T22:30:03Z,23.39,22.75,22.69,86.07
instrument_09tm3p1.csv:9,2024-02-04T22:45:03Z,23.83,23.22,23.19,85.21
instrument_09tm3p1.csv:9,2024-02-04T23:00:03Z,23.87,23.25,23.31,85.14
instrument_09tm3p1.csv:9,2024-02-04T23:15:02Z,23.68,23.11,23.19,85.73
instrument_09tm3p1.csv:9,2024-02-04T23:30:02Z,23.7,23.12,23.06,85.9
instrument_09tm3p1.csv:9,2024-02-04T23:45:02Z,23.67,23.11,23.06,86.18
instrument_10tm3p1.csv:10,2024-02-04T08:00:00Z,26.98,25.43,24.94,61
instrument_10tm3p1.csv:10,2024-02-04T08:15:00Z,27.35,25.57,25.75,59.03
instrument_10tm3p1.csv:10,2024-02-04T08:30:00Z,27.61,26.36,26.25,57.9
instrument_10tm3p1.csv:10,2024-02-04T08:45:00Z,27.98,26.59,26.38,54.36
instrument_10tm3p1.csv:10,2024-02-04T09:00:16Z,27.88,26.83,26.5,54.34
instrument_10tm3p1.csv:10,2024-02-04T09:15:00Z,26.96,25.46,25.56,56.05
instrument_10tm3p1.csv:10,2024-02-04T09:30:01Z,28.31,27.1,26.88,51.55
instrument_10tm3p1.csv:10,2024-02-04T09:45:13Z,28.19,27.25,27,53.54
instrument_10tm3p1.csv:10,2024-02-04T10:01:30Z,29.44,27.74,27.81,49.14
instrument_10tm3p1.csv:10,2024-02-04T10:15:00Z,29.82,28.66,28.38,45.75
instrument_10tm3p1.csv:10,2024-02-04T10:30:00Z,28.52,27.65,27.38,46.45
instrument_10tm3p1.csv:10,2024-02-04T10:45:19Z,29.3,27.97,27.69,45.94
instrument_10tm3p1.csv:10,2024-02-04T11:00:00Z,29.56,28.53,28.19,44.45
instrument_10tm3p1.csv:10,2024-02-04T11:15:01Z,29.84,28.87,28.38,42.55
instrument_10tm3p1.csv:10,2024-02-04T11:30:05Z,30.12,28.96,28.56,41.35
instrument_10tm3p1.csv:10,2024-02-04T11:45:01Z,30.04,29.15,28.62,44.48
instrument_10tm3p1.csv:10,2024-02-04T12:00:00Z,29.94,28.83,28.38,43.97
instrument_10tm3p1.csv:10,2024-02-04T12:15:00Z,30.29,29.08,28.88,44.72
instrument_10tm3p1.csv:10,2024-02-04T12:30:00Z,28.55,27.84,27.56,43.22
instrument_10tm3p1.csv:10,2024-02-04T12:45:00Z,28.57,28.01,27.62,42.27
instrument_10tm3p1.csv:10,2024-02-04T13:00:13Z,29.45,28.52,28.06,40.54
instrument_10tm3p1.csv:10,2024-02-04T13:15:05Z,29.7,29.02,28.5,40.62
instrument_10tm3p1.csv:10,2024-02-04T13:30:00Z,28.71,27.86,27.44,40.67
instrument_10tm3p1.csv:10,2024-02-04T13:45:00Z,28.64,27.66,27.31,40.24
instrument_10tm3p1.csv:10,2024-02-04T14:00:00Z,29.47,28.29,27.88,41.14
instrument_10tm3p1.csv:10,2024-02-04T14:15:06Z,28,27.21,26.75,40.42
instrument_10tm3p1.csv:10,2024-02-04T14:30:00Z,27.91,27.12,26.69,39.09
instrument_10tm3p1.csv:10,2024-02-04T14:45:03Z,27.29,26.56,26.12,41.82
instrument_10tm3p1.csv:10,2024-02-04T15:00:00Z,26.61,25.83,25.44,45.93
instrument_10tm3p1.csv:10,2024-02-04T15:15:04Z,26.06,25.32,24.94,47.8
instrument_10tm3p1.csv:10,2024-02-04T15:30:01Z,25.21,24.61,24.38,52.59
instrument_10tm3p1.csv:10,2024-02-04T15:45:03Z,24.47,23.95,23.81,53.95
instrument_10tm3p1.csv:10,2024-02-04T16:00:00Z,23.83,23.3,23.19,56.51
instrument_10tm3p1.csv:10,2024-02-04T16:15:00Z,23.34,22.76,22.69,58.98
instrument_10tm3p1.csv:10,2024-02-04T16:30:00Z,22.75,22.23,22.06,61.36
instrument_10tm3p1.csv:10,2024-02-04T16:45:01Z,22.18,21.63,21.5,64.25
instrument_10tm3p1.csv:10,2024-02-04T17:00:00Z,21.62,21.04,20.94,66.4
instrument_10tm3p1.csv:10,2024-02-04T17:15:00Z,20.81,20.27,20.12,69.28
instrument_10tm3p1.csv:10,2024-02-04T17:30:00Z,20,19.45,19.31,72.73
instrument_10tm3p1.csv:10,2024-02-04T17:45:00Z,19.63,19.14,19.12,75.74
instrument_10tm3p1.csv:10,2024-02-04T18:00:01Z,19.47,18.96,19,77.43
instrument_10tm3p1.csv:10,2024-02-04T18:15:00Z,19.63,19.15,19.31,78.66
instrument_10tm3p1.csv:10,2024-02-04T18:30:00Z,20.07,19.68,19.62,78.16
instrument_10tm3p1.csv:10,2024-02-04T18:45:18Z,20.28,19.89,19.81,77.89
instrument_10tm3p1.csv:10,2024-02-04T19:00:00Z,20.43,20.01,19.88,77.49
instrument_10tm3p1.csv:10,2024-02-04T19:15:00Z,20.39,19.87,19.81,77.85
instrument_10tm3p1.csv:10,2024-02-04T19:30:01Z,20.18,19.65,19.56,79.82
instrument_10tm3p1.csv:10,2024-02-04T19:45:02Z,20.09,19.57,19.44,80.44
instrument_10tm3p1.csv:10,2024-02-04T20:00:00Z,20.08,19.57,19.44,79.27
instrument_10tm3p1.csv:10,2024-02-04T20:15:00Z,19.87,19.25,19.19,80.73
instrument_10tm3p1.csv:10,2024-02-04T20:30:00Z,19.56,18.89,18.81,81.62
instrument_10tm3p1.csv:10,2024-02-04T20:45:17Z,19,18.42,18.25,83.33
instrument_10tm3p1.csv:10,2024-02-04T21:00:00Z,18.57,17.9,17.88,85.4
instrument_10tm3p1.csv:10,2024-02-04T21:15:00Z,18.11,17.53,17.44,86.75
instrument_10tm3p1.csv:10,2024-02-04T21:30:00Z,17.79,17.27,17.19,88.33
instrument_10tm3p1.csv:10,2024-02-04T21:45:00Z,17.44,16.88,16.88,88.78
instrument_10tm3p1.csv:10,2024-02-04T22:00:01Z,17.13,16.57,16.69,90.44
instrument_10tm3p1.csv:10,2024-02-04T22:15:00Z,16.94,16.41,16.5,92.24
instrument_10tm3p1.csv:10,2024-02-04T22:30:01Z,16.8,16.24,16.25,92.64
instrument_10tm3p1.csv:10,2024-02-04T22:45:14Z,16.77,16.26,16.19,93.33
instrument_10tm3p1.csv:10,2024-02-04T23:00:00Z,17.03,16.59,16.38,91.8
instrument_10tm3p1.csv:10,2024-02-04T23:15:00Z,17.08,16.53,16.44,91.27
instrument_10tm3p1.csv:10,2024-02-04T23:30:00Z,17.05,16.53,16.38,91.79
instrument_10tm3p1.csv:10,2024-02-04T23:45:05Z,17.03,16.46,16.44,91.4
instrument_13tm3p1.csv:13,2024-02-04T08:00:01Z,24.95,24.34,24.56,54.67
instrument_13tm3p1.csv:13,2024-02-04T08:15:00Z,25.06,23.92,24.25,58.04
instrument_13tm3p1.csv:13,2024-02-04T08:30:00Z,25.45,24.61,24.81,59.18
instrument_13tm3p1.csv:13,2024-02-04T08:45:00Z,26.89,26.04,26.06,51.4
instrument_13tm3p1.csv:13,2024-02-04T09:00:00Z,25.67,24.51,25.19,56.89
instrument_13tm3p1.csv:13,2024-02-04T09:15:00Z,24.84,23.99,24.06,59.16
instrument_13tm3p1.csv:13,2024-02-04T09:30:00Z,26.71,25.51,25.81,56.59
instrument_13tm3p1.csv:13,2024-02-04T09:45:15Z,27.2,25.94,26.38,47.51
instrument_13tm3p1.csv:13,2024-02-04T10:00:00Z,27.15,25.94,26.06,53.72
instrument_13tm3p1.csv:13,2024-02-04T10:15:01Z,27.96,26.55,26.81,50.3
instrument_13tm3p1.csv:13,2024-02-04T10:30:00Z,27.97,26.45,26.75,52.01
instrument_13tm3p1.csv:13,2024-02-04T10:45:00Z,28.5,26.98,27.19,46.04
instrument_13tm3p1.csv:13,2024-02-04T11:00:00Z,28.27,26.88,27.19,48.64
instrument_13tm3p1.csv:13,2024-02-04T11:15:00Z,27.06,25.74,25.81,54.96
instrument_13tm3p1.csv:13,2024-02-04T11:30:01Z,25.33,24.24,24.19,54.1
instrument_13tm3p1.csv:13,2024-02-04T11:45:27Z,24.58,23.65,23.56,59.14
instrument_13tm3p1.csv:13,2024-02-04T12:00:01Z,24.13,23.22,23.06,57.6
instrument_13tm3p1.csv:13,2024-02-04T12:15:22Z,22.75,21.82,21.69,63.8
instrument_13tm3p1.csv:13,2024-02-04T12:30:01Z,21.94,21.04,20.81,72.75
instrument_13tm3p1.csv:13,2024-02-04T12:45:00Z,24.2,23.11,23.38,65.09
instrument_13tm3p1.csv:13,2024-02-04T13:00:19Z,25.18,23.9,24.25,59.81
instrument_13tm3p1.csv:13,2024-02-04T13:15:01Z,26.12,25.05,25.25,54.09
instrument_13tm3p1.csv:13,2024-02-04T13:30:00Z,26.24,25.36,26.25,53.07
instrument_13tm3p1.csv:13,2024-02-04T13:45:00Z,26.49,25.29,25.88,54.59
instrument_13tm3p1.csv:13,2024-02-04T14:00:12Z,25.5,24.91,24.75,61.24
instrument_13tm3p1.csv:13,2024-02-04T14:15:00Z,25.28,24.52,24.38,61.52
instrument_13tm3p1.csv:13,2024-02-04T14:30:00Z,24.46,23.58,23.44,63.07
instrument_13tm3p1.csv:13,2024-02-04T14:45:00Z,23.58,22.79,22.62,64.91
instrument_13tm3p1.csv:13,2024-02-04T15:00:00Z,23.11,22.41,22.25,66.52
instrument_13tm3p1.csv:13,2024-02-04T15:15:00Z,22.22,21.73,21.56,66.52
instrument_13tm3p1.csv:13,2024-02-04T15:30:00Z,21.44,21.01,20.75,67.21
instrument_13tm3p1.csv:13,2024-02-04T15:45:00Z,21.12,20.68,20.5,69.8
instrument_13tm3p1.csv:13,2024-02-04T16:00:15Z,20.8,20.39,20.12,70.79
instrument_13tm3p1.csv:13,2024-02-04T16:15:00Z,20.59,20.17,19.88,70.6
instrument_13tm3p1.csv:13,2024-02-04T16:30:00Z,20.17,19.79,19.44,71.05
instrument_13tm3p1.csv:13,2024-02-04T16:45:00Z,19.29,18.99,18.62,74.35
instrument_13tm3p1.csv:13,2024-02-04T17:00:00Z,18.85,18.38,18.12,77.02
instrument_13tm3p1.csv:13,2024-02-04T17:15:11Z,18.66,18.13,17.94,77.95
instrument_13tm3p1.csv:13,2024-02-04T17:30:00Z,18.49,17.94,17.81,79.06
instrument_13tm3p1.csv:13,2024-02-04T17:45:00Z,18.26,17.74,17.56,80.43
instrument_13tm3p1.csv:13,2024-02-04T18:00:01Z,18,17.43,17.25,82.54
instrument_13tm3p1.csv:13,2024-02-04T18:15:00Z,18.06,17.45,17.31,83.01
instrument_13tm3p1.csv:13,2024-02-04T18:30:09Z,17.86,17.3,17.12,83.83
instrument_13tm3p1.csv:13,2024-02-04T18:45:00Z,17.83,17.22,17.06,84.03
instrument_13tm3p1.csv:13,2024-02-04T19:00:00Z,17.26,16.82,16.5,85.13
instrument_13tm3p1.csv:13,2024-02-04T19:15:00Z,16.55,15.96,15.88,88.03
instrument_13tm3p1.csv:13,2024-02-04T19:30:00Z,16.09,15.49,15.38,91.31
instrument_13tm3p1.csv:13,2024-02-04T19:45:01Z,15.75,15.18,15.12,92.69
instrument_13tm3p1.csv:13,2024-02-04T20:00:00Z,15.41,14.83,14.75,92.94
instrument_13tm3p1.csv:13,2024-02-04T20:15:00Z,15.15,14.58,14.56,94.16
instrument_13tm3p1.csv:13,2024-02-04T20:30:00Z,15.07,14.54,14.44,94.77
instrument_13tm3p1.csv:13,2024-02-04T20:31:42Z,15.08,14.54,14.5,94.84
instrument_13tm3p1.csv:13,2024-02-04T20:33:18Z,15.06,14.52,14.44,94.82
instrument_13tm3p1.csv:13,2024-02-04T20:45:22Z,15.25,14.65,14.62,95.44
instrument_13tm3p1.csv:13,2024-02-04T21:00:12Z,14.96,14.34,14.25,94.77
instrument_13tm3p1.csv:13,2024-02-04T21:15:00Z,14.87,14.3,14.25,95.56
instrument_13tm3p1.csv:13,2024-02-04T21:30:01Z,14.98,14.4,14.38,95.71
instrument_13tm3p1.csv:13,2024-02-04T21:45:06Z,14.85,14.27,14.25,95.59
instrument_13tm3p1.csv:13,2024-02-04T22:00:09Z,14.82,14.28,14.19,96.04
instrument_13tm3p1.csv:13,2024-02-04T22:15:00Z,14.89,14.28,14.25,96.16
instrument_13tm3p1.csv:13,2024-02-04T22:30:00Z,14.88,14.34,14.25,96.11
instrument_13tm3p1.csv:13,2024-02-04T22:45:01Z,14.96,14.4,14.31,96.13
instrument_13tm3p1.csv:13,2024-02-04T23:00:00Z,14.97,14.38,14.31,96.07
instrument_13tm3p1.csv:13,2024-02-04T23:15:00Z,14.68,14.09,14,96.13
instrument_13tm3p1.csv:13,2024-02-04T23:30:01Z,14.61,14.04,13.94,96.14
instrument_13tm3p1.csv:13,2024-02-04T23:45:00Z,14.54,13.97,13.81,96.33
instrument_14tm3p1.csv:14,2024-02-04T08:00:03Z,20.18,19.24,19.19,63.38
instrument_14tm3p1.csv:14,2024-02-04T08:15:04Z,20.41,19.28,19.25,63.18
instrument_14tm3p1.csv:14,2024-02-04T08:30:04Z,21.86,20.8,20.81,59.45
instrument_14tm3p1.csv:14,2024-02-04T08:45:03Z,21.64,20.46,20.38,57.23
instrument_14tm3p1.csv:14,2024-02-04T09:00:08Z,21.52,20.06,20.5,56.27
instrument_14tm3p1.csv:14,2024-02-04T09:15:05Z,21.74,20.54,20.69,55.99
instrument_14tm3p1.csv:14,2024-02-04T09:30:03Z,23.65,22.46,22.62,54.26
instrument_14tm3p1.csv:14,2024-02-04T09:45:07Z,23.29,21.92,22.12,55.23
instrument_14tm3p1.csv:14,2024-02-04T10:00:04Z,22.26,21.02,21.12,52.85
instrument_14tm3p1.csv:14,2024-02-04T10:15:06Z,23.47,22.14,22.38,53.91
instrument_14tm3p1.csv:14,2024-02-04T10:30:04Z,25.08,23.9,24.19,51.16
instrument_14tm3p1.csv:14,2024-02-04T10:45:04Z,23.35,22.2,22.31,52.94
instrument_14tm3p1.csv:14,2024-02-04T11:00:03Z,24.31,23.02,23.25,53.16
instrument_14tm3p1.csv:14,2024-02-04T11:15:13Z,22.76,21.59,21.62,54.68
instrument_14tm3p1.csv:14,2024-02-04T11:30:04Z,24.34,22.75,23,51.58
instrument_14tm3p1.csv:14,2024-02-04T11:45:03Z,22.86,21.59,21.44,49.79
instrument_14tm3p1.csv:14,2024-02-04T12:00:05Z,22.71,21.44,21.44,51.73
instrument_14tm3p1.csv:14,2024-02-04T12:15:03Z,22.41,21.27,21.31,51
instrument_14tm3p1.csv:14,2024-02-04T12:30:03Z,23.49,22.03,22.31,49.5
instrument_14tm3p1.csv:14,2024-02-04T12:45:03Z,22.26,21.2,21.25,52.48
instrument_14tm3p1.csv:14,2024-02-04T13:00:03Z,23.67,22.46,22.69,52.22
instrument_14tm3p1.csv:14,2024-02-04T13:15:02Z,21.57,20.28,20.44,58.65
instrument_14tm3p1.csv:14,2024-02-04T13:30:07Z,19.28,18.19,18.38,71.6
instrument_14tm3p1.csv:14,2024-02-04T13:45:04Z,20.14,19.16,19.25,67.89
instrument_14tm3p1.csv:14,2024-02-04T14:00:03Z,19.78,18.82,18.81,70.45
instrument_14tm3p1.csv:14,2024-02-04T14:15:03Z,19.06,18.04,18.06,69.04
instrument_14tm3p1.csv:14,2024-02-04T14:30:04Z,21.19,19.68,19.88,61.27
instrument_14tm3p1.csv:14,2024-02-04T14:45:03Z,19.72,19.03,19,56.85
instrument_14tm3p1.csv:14,2024-02-04T15:00:06Z,17.6,16.62,16.69,71.35
instrument_14tm3p1.csv:14,2024-02-04T15:15:03Z,17.01,16.18,16.06,74.14
instrument_14tm3p1.csv:14,2024-02-04T15:30:07Z,16.28,15.74,15.62,75.95
instrument_14tm3p1.csv:14,2024-02-04T15:45:03Z,15.85,15.36,15.31,77.5
instrument_14tm3p1.csv:14,2024-02-04T16:00:03Z,15.68,15.19,15.19,78.49
instrument_14tm3p1.csv:14,2024-02-04T16:15:03Z,15.49,15.01,15,78.85
instrument_14tm3p1.csv:14,2024-02-04T16:30:14Z,15.29,14.84,14.94,80.13
instrument_14tm3p1.csv:14,2024-02-04T16:45:05Z,15.13,14.63,14.69,79.82
instrument_14tm3p1.csv:14,2024-02-04T17:00:03Z,14.63,14.12,14.19,80.9
instrument_14tm3p1.csv:14,2024-02-04T17:15:03Z,14.21,13.78,13.81,81.98
instrument_14tm3p1.csv:14,2024-02-04T17:30:03Z,14.18,13.69,13.75,82.81
instrument_14tm3p1.csv:14,2024-02-04T17:45:03Z,14.2,13.76,13.81,82.85
instrument_14tm3p1.csv:14,2024-02-04T18:00:05Z,14.07,13.61,13.56,82.67
instrument_14tm3p1.csv:14,2024-02-04T18:15:04Z,13.72,13.25,13.19,83.92
instrument_14tm3p1.csv:14,2024-02-04T18:30:04Z,13.25,12.7,12.75,85.73
instrument_14tm3p1.csv:14,2024-02-04T18:30:22Z,13.24,12.7,12.69,85.79
instrument_14tm3p1.csv:14,2024-02-04T18:31:52Z,13.18,12.64,12.62,85.93
instrument_14tm3p1.csv:14,2024-02-04T18:45:03Z,12.83,12.4,12.44,87.68
instrument_14tm3p1.csv:14,2024-02-04T19:00:07Z,12.62,12.25,12.19,88.28
instrument_14tm3p1.csv:14,2024-02-04T19:15:07Z,13.11,12.84,12.75,89.49
instrument_14tm3p1.csv:14,2024-02-04T19:30:03Z,13.87,13.57,13.62,88
instrument_14tm3p1.csv:14,2024-02-04T19:45:03Z,14.27,13.83,13.94,86.74
instrument_14tm3p1.csv:14,2024-02-04T20:00:03Z,14.09,13.59,13.69,89.21
instrument_14tm3p1.csv:14,2024-02-04T20:15:04Z,14.37,13.79,13.94,89.12
instrument_14tm3p1.csv:14,2024-02-04T20:30:04Z,13.97,13.44,13.5,90.4
instrument_14tm3p1.csv:14,2024-02-04T20:45:02Z,13.41,12.96,12.94,91.64
instrument_14tm3p1.csv:14,2024-02-04T21:00:03Z,13.05,12.63,12.62,92.63
instrument_14tm3p1.csv:14,2024-02-04T21:15:03Z,12.99,12.53,12.62,93.1
instrument_14tm3p1.csv:14,2024-02-04T21:30:03Z,12.86,12.39,12.44,94.12
instrument_14tm3p1.csv:14,2024-02-04T21:45:03Z,12.6,12.16,12.19,94.76
instrument_14tm3p1.csv:14,2024-02-04T22:00:03Z,12.83,12.43,12.5,95.1
instrument_14tm3p1.csv:14,2024-02-04T22:15:03Z,12.76,12.35,12.38,95.08
instrument_14tm3p1.csv:14,2024-02-04T22:30:03Z,12.49,12.05,12.06,94.89
instrument_14tm3p1.csv:14,2024-02-04T22:45:04Z,12.13,11.77,11.75,95.81
instrument_14tm3p1.csv:14,2024-02-04T23:00:02Z,12.26,11.82,11.88,96.85
instrument_14tm3p1.csv:14,2024-02-04T23:15:03Z,12.29,11.72,11.88,96.93
instrument_14tm3p1.csv:14,2024-02-04T23:30:03Z,12.6,12.15,12.06,97.23
instrument_14tm3p1.csv:14,2024-02-04T23:45:03Z,12.69,12.25,12.25,96.97
instrument_15tm3p1.csv:15,2024-02-04T08:00:03Z,25.82,25.38,24.94,46.8
instrument_15tm3p1.csv:15,2024-02-04T08:15:07Z,26.73,26.57,26.06,44.44
instrument_15tm3p1.csv:15,2024-02-04T08:30:08Z,25.28,25.34,24.94,48.5
instrument_15tm3p1.csv:15,2024-02-04T08:45:05Z,26.33,26.4,26.25,43.19
instrument_15tm3p1.csv:15,2024-02-04T09:00:03Z,28.36,27.23,27.44,41.81
instrument_15tm3p1.csv:15,2024-02-04T09:15:02Z,26.76,26.37,26.56,42.46
instrument_15tm3p1.csv:15,2024-02-04T09:30:02Z,26.33,26.46,25.75,42.76
instrument_15tm3p1.csv:15,2024-02-04T09:45:03Z,28.68,27.95,27.56,39.83
instrument_15tm3p1.csv:15,2024-02-04T10:00:09Z,27.31,26.67,26.69,42.18
instrument_15tm3p1.csv:15,2024-02-04T10:15:01Z,28.23,27.52,27.44,41.92
instrument_15tm3p1.csv:15,2024-02-04T10:30:07Z,27.83,27.59,27.19,40.13
instrument_15tm3p1.csv:15,2024-02-04T10:45:05Z,27.83,27.3,28.06,37.84
instrument_15tm3p1.csv:15,2024-02-04T11:00:02Z,27.24,26.67,26.38,42.9
instrument_15tm3p1.csv:15,2024-02-04T11:15:03Z,25.63,25.67,25.12,46.28
instrument_15tm3p1.csv:15,2024-02-04T11:30:04Z,24.38,24.29,23.94,50.63
instrument_15tm3p1.csv:15,2024-02-04T11:45:02Z,23.97,23.64,23.44,51.3
instrument_15tm3p1.csv:15,2024-02-04T12:00:02Z,24.46,24.11,23.88,52.55
instrument_15tm3p1.csv:15,2024-02-04T12:15:03Z,24.98,24.62,24.44,49.14
instrument_15tm3p1.csv:15,2024-02-04T12:30:01Z,24.25,24.12,23.75,50.06
instrument_15tm3p1.csv:15,2024-02-04T12:45:02Z,18.96,19.04,18.06,77.62
instrument_15tm3p1.csv:15,2024-02-04T13:00:03Z,19.08,18.75,18.31,81.7
instrument_15tm3p1.csv:15,2024-02-04T13:15:02Z,21.22,20.94,20.38,77.23
instrument_15tm3p1.csv:15,2024-02-04T13:30:06Z,23.41,23.28,22.62,60.29
instrument_15tm3p1.csv:15,2024-02-04T13:45:06Z,22.99,23.07,22.44,60.07
instrument_15tm3p1.csv:15,2024-02-04T14:00:03Z,24.48,24.55,23.75,57.04
instrument_15tm3p1.csv:15,2024-02-04T14:15:06Z,24.74,24.76,24.06,54.72
instrument_15tm3p1.csv:15,2024-02-04T14:30:03Z,25.16,25.48,24.44,50.84
instrument_15tm3p1.csv:15,2024-02-04T14:45:03Z,25.47,25.72,24.94,49.14
instrument_15tm3p1.csv:15,2024-02-04T15:00:04Z,23.8,23.79,23.19,49.82
instrument_15tm3p1.csv:15,2024-02-04T15:15:03Z,22.96,22.39,22.06,59.39
instrument_15tm3p1.csv:15,2024-02-04T15:30:03Z,21.85,21.02,20.69,63.38
instrument_15tm3p1.csv:15,2024-02-04T15:45:06Z,21.3,20.72,20.44,65.28
instrument_15tm3p1.csv:15,2024-02-04T16:00:04Z,20.52,20.04,19.88,68.07
instrument_15tm3p1.csv:15,2024-02-04T16:15:02Z,19.94,19.4,19.12,70.65
instrument_15tm3p1.csv:15,2024-02-04T16:30:03Z,19.37,18.81,18.56,74.64
instrument_15tm3p1.csv:15,2024-02-04T16:45:03Z,19.39,18.93,18.81,74.46
instrument_15tm3p1.csv:15,2024-02-04T17:00:09Z,19.16,18.52,18.5,71.26
instrument_15tm3p1.csv:15,2024-02-04T17:15:02Z,19.18,18.82,18.62,71.34
instrument_15tm3p1.csv:15,2024-02-04T17:30:02Z,19.2,18.73,18.5,70.13
instrument_15tm3p1.csv:15,2024-02-04T17:45:02Z,19.1,18.71,18.5,66.78
instrument_15tm3p1.csv:15,2024-02-04T18:00:02Z,18.53,17.98,17.81,70.82
instrument_15tm3p1.csv:15,2024-02-04T18:15:04Z,18.65,18.44,18.19,70.66
instrument_15tm3p1.csv:15,2024-02-04T18:30:06Z,18.59,18.02,17.75,72.71
instrument_15tm3p1.csv:15,2024-02-04T18:45:04Z,18.74,18.11,18,71.75
instrument_15tm3p1.csv:15,2024-02-04T19:00:01Z,18.82,18.31,18.06,74.69
instrument_15tm3p1.csv:15,2024-02-04T19:15:02Z,18.72,18.12,17.94,73.63
instrument_15tm3p1.csv:15,2024-02-04T19:30:09Z,18.97,18.18,18.19,71.38
instrument_15tm3p1.csv:15,2024-02-04T19:45:02Z,18.61,17.94,17.88,72.08
instrument_15tm3p1.csv:15,2024-02-04T20:00:02Z,18.01,17.32,17.06,77.21
instrument_15tm3p1.csv:15,2024-02-04T20:15:02Z,18.01,17.54,17.31,75.45
instrument_15tm3p1.csv:15,2024-02-04T20:30:02Z,18.35,17.93,17.75,75.94
instrument_15tm3p1.csv:15,2024-02-04T20:45:02Z,18.42,17.84,17.62,78.12
instrument_15tm3p1.csv:15,2024-02-04T21:00:02Z,18.36,17.96,17.75,73.61
instrument_15tm3p1.csv:15,2024-02-04T21:15:07Z,18.68,18.09,17.81,74.42
instrument_15tm3p1.csv:15,2024-02-04T21:30:03Z,18.06,17.3,17.12,78.18
instrument_15tm3p1.csv:15,2024-02-04T21:45:03Z,17.74,17.05,16.88,80.18
instrument_15tm3p1.csv:15,2024-02-04T22:00:03Z,16.99,16.27,16,82.82
instrument_15tm3p1.csv:15,2024-02-04T22:15:04Z,16.74,16.27,16.06,81.71
instrument_15tm3p1.csv:15,2024-02-04T22:30:03Z,16.77,16.25,16,80.68
instrument_15tm3p1.csv:15,2024-02-04T22:45:03Z,16.59,16.01,15.81,82.29
instrument_15tm3p1.csv:15,2024-02-04T23:00:03Z,16.4,15.85,15.62,82.33
instrument_15tm3p1.csv:15,2024-02-04T23:15:03Z,16.05,15.35,15.31,84.55
instrument_15tm3p1.csv:15,2024-02-04T23:30:03Z,15.95,15.46,15.31,84.86
instrument_15tm3p1.csv:15,2024-02-04T23:45:04Z,15.36,14.77,14.62,86.37
instrument_16tm3p1.csv:16,2024-02-04T08:00:03Z,21.68,21.38,20.81,60.4
instrument_16tm3p1.csv:16,2024-02-04T08:15:03Z,21.48,21.15,20.62,58.32
instrument_16tm3p1.csv:16,2024-02-04T08:30:06Z,21.09,20.67,20.25,60.25
instrument_16tm3p1.csv:16,2024-02-04T08:45:03Z,21.36,21.27,20.56,58.12
instrument_16tm3p1.csv:16,2024-02-04T09:00:03Z,22.34,21.8,21.38,55.86
instrument_16tm3p1.csv:16,2024-02-04T09:15:03Z,22.08,21.57,21.19,64.83
instrument_16tm3p1.csv:16,2024-02-04T09:30:03Z,22.84,22.35,21.81,51.96
instrument_16tm3p1.csv:16,2024-02-04T09:45:06Z,23.45,22.97,22.44,50.5
instrument_16tm3p1.csv:16,2024-02-04T10:00:03Z,24.25,23.86,23.31,48.68
instrument_16tm3p1.csv:16,2024-02-04T10:15:07Z,23.85,23.52,22.81,47.68
instrument_16tm3p1.csv:16,2024-02-04T10:30:06Z,24.29,23.92,23.25,50.57
instrument_16tm3p1.csv:16,2024-02-04T10:45:03Z,23.35,22.89,22.38,47.44
instrument_16tm3p1.csv:16,2024-02-04T11:00:04Z,24.51,24.31,23.69,46.36
instrument_16tm3p1.csv:16,2024-02-04T11:15:06Z,24.52,24,23.5,46.1
instrument_16tm3p1.csv:16,2024-02-04T11:30:04Z,24.16,23.75,23.31,48.49
instrument_16tm3p1.csv:16,2024-02-04T11:45:03Z,24.93,24.67,23.94,44.65
instrument_16tm3p1.csv:16,2024-02-04T12:00:04Z,25.34,24.95,24.44,41.92
instrument_16tm3p1.csv:16,2024-02-04T12:15:07Z,24.87,24.4,23.88,43
instrument_16tm3p1.csv:16,2024-02-04T12:30:03Z,24.62,24.41,23.75,43.31
instrument_16tm3p1.csv:16,2024-02-04T12:45:03Z,24.69,24.35,23.88,43.07
instrument_16tm3p1.csv:16,2024-02-04T13:00:03Z,24.87,24.72,23.94,42.84
instrument_16tm3p1.csv:16,2024-02-04T13:15:03Z,24.58,24.02,23.56,49.79
instrument_16tm3p1.csv:16,2024-02-04T13:30:03Z,24.24,24.03,23.38,47.18
instrument_16tm3p1.csv:16,2024-02-04T13:45:03Z,24.36,24.2,23.5,46.16
instrument_16tm3p1.csv:16,2024-02-04T14:00:03Z,24.2,23.76,23.25,47.57
instrument_16tm3p1.csv:16,2024-02-04T14:15:04Z,23.91,23.5,22.94,49.29
instrument_16tm3p1.csv:16,2024-02-04T14:30:03Z,22.08,21.72,21.44,52.74
instrument_16tm3p1.csv:16,2024-02-04T14:45:03Z,21.66,21.28,21.06,54.47
instrument_16tm3p1.csv:16,2024-02-04T15:00:04Z,21.45,21.11,20.88,55.13
instrument_16tm3p1.csv:16,2024-02-04T15:15:03Z,21.55,21.24,21,53.09
instrument_16tm3p1.csv:16,2024-02-04T15:30:03Z,21.03,20.69,20.44,54.65
instrument_16tm3p1.csv:16,2024-02-04T15:45:03Z,20.79,20.42,20.25,54.81
instrument_16tm3p1.csv:16,2024-02-04T16:00:04Z,20.49,20.17,19.88,56.63
instrument_16tm3p1.csv:16,2024-02-04T16:15:03Z,19.98,19.64,19.38,57.47
instrument_16tm3p1.csv:16,2024-02-04T16:30:03Z,19.6,19.29,19.06,59.24
instrument_16tm3p1.csv:16,2024-02-04T16:45:03Z,18.99,18.64,18.44,62.4
instrument_16tm3p1.csv:16,2024-02-04T17:00:03Z,18.46,18.21,17.88,65.02
instrument_16tm3p1.csv:16,2024-02-04T17:15:04Z,18.19,17.87,17.56,67.63
instrument_16tm3p1.csv:16,2024-02-04T17:30:05Z,18.48,18.1,17.94,67.96
instrument_16tm3p1.csv:16,2024-02-04T17:45:03Z,18.45,18.1,17.88,68.72
instrument_16tm3p1.csv:16,2024-02-04T18:00:03Z,18.07,17.75,17.5,70.06
instrument_16tm3p1.csv:16,2024-02-04T18:15:03Z,17.7,17.36,17.12,71.81
instrument_16tm3p1.csv:16,2024-02-04T18:30:03Z,17.28,16.96,16.75,73.61
instrument_16tm3p1.csv:16,2024-02-04T18:43:24Z,17.13,16.79,16.5,74.22
instrument_16tm3p1.csv:16,2024-02-04T18:44:55Z,17.09,16.78,16.56,74.38
instrument_16tm3p1.csv:16,2024-02-04T18:45:03Z,17.09,16.76,16.5,74.39
instrument_16tm3p1.csv:16,2024-02-04T19:00:02Z,16.77,16.48,16.19,75.61
instrument_16tm3p1.csv:16,2024-02-04T19:15:03Z,17.57,17.19,17,73.89
instrument_16tm3p1.csv:16,2024-02-04T19:30:03Z,17.59,17.26,16.94,73.67
instrument_16tm3p1.csv:16,2024-02-04T19:45:03Z,17.19,16.88,16.56,75.11
instrument_16tm3p1.csv:16,2024-02-04T20:00:04Z,16.95,16.65,16.38,76.31
instrument_16tm3p1.csv:16,2024-02-04T20:15:03Z,16.7,16.41,16.19,77.58
instrument_16tm3p1.csv:16,2024-02-04T20:30:03Z,16.71,16.36,16.06,77.73
instrument_16tm3p1.csv:16,2024-02-04T20:45:03Z,15.76,15.55,15.25,80.84
instrument_16tm3p1.csv:16,2024-02-04T21:00:03Z,15.67,15.4,15.38,81.97
instrument_16tm3p1.csv:16,2024-02-04T21:15:03Z,15.97,15.57,15.56,81.9
instrument_16tm3p1.csv:16,2024-02-04T21:30:03Z,16.87,16.51,16.31,79.29
instrument_16tm3p1.csv:16,2024-02-04T21:45:03Z,16.7,16.36,16.12,79.86
instrument_16tm3p1.csv:16,2024-02-04T22:00:03Z,17.09,16.74,16.5,78.25
instrument_16tm3p1.csv:16,2024-02-04T22:15:03Z,17.08,16.67,16.5,78.35
instrument_16tm3p1.csv:16,2024-02-04T22:30:03Z,16.86,16.54,16.19,78.64
instrument_16tm3p1.csv:16,2024-02-04T22:45:04Z,15.98,15.72,15.5,81.68
instrument_16tm3p1.csv:16,2024-02-04T23:00:03Z,15.65,15.3,15.19,83.59
instrument_16tm3p1.csv:16,2024-02-04T23:15:06Z,16.36,15.86,15.81,81.11
instrument_16tm3p1.csv:16,2024-02-04T23:30:03Z,16.19,15.93,15.5,80.59
instrument_16tm3p1.csv:16,2024-02-04T23:45:03Z,15.78,15.48,15.38,83.43
instrument_17tm3p1.csv:17,2024-02-04T08:00:02Z,18.46,18.09,18.06,79.79
instrument_17tm3p1.csv:17,2024-02-04T08:15:04Z,19.44,19.18,19.12,73.77
instrument_17tm3p1.csv:17,2024-02-04T08:30:04Z,19.83,19.61,19.69,71.36
instrument_17tm3p1.csv:17,2024-02-04T08:45:02Z,19.93,19.64,19.81,70.77
instrument_17tm3p1.csv:17,2024-02-04T09:00:03Z,20.36,20.21,20.25,69.16
instrument_17tm3p1.csv:17,2024-02-04T09:15:07Z,20.87,20.73,20.75,68.72
instrument_17tm3p1.csv:17,2024-02-04T09:30:04Z,20.83,20.52,20.38,67.66
instrument_17tm3p1.csv:17,2024-02-04T09:45:03Z,20.68,20.37,20.38,68.47
instrument_17tm3p1.csv:17,2024-02-04T10:00:04Z,21.16,21.04,21.12,66.54
instrument_17tm3p1.csv:17,2024-02-04T10:15:02Z,21.77,21.6,21.56,67.03
instrument_17tm3p1.csv:17,2024-02-04T10:30:02Z,21.77,21.56,21.88,63.67
instrument_17tm3p1.csv:17,2024-02-04T10:45:02Z,22.52,22.21,22.69,58.5
instrument_17tm3p1.csv:17,2024-02-04T11:00:02Z,23.12,23.15,23.19,56.93
instrument_17tm3p1.csv:17,2024-02-04T11:15:04Z,23.38,23.15,23.44,54.56
instrument_17tm3p1.csv:17,2024-02-04T11:30:00Z,23.95,23.99,23.81,55.81
instrument_17tm3p1.csv:17,2024-02-04T11:45:08Z,21.18,21.25,21.31,62.88
instrument_17tm3p1.csv:17,2024-02-04T12:00:03Z,17.34,17.43,17.81,80.1
instrument_17tm3p1.csv:17,2024-02-04T12:15:03Z,19.09,18.85,18.75,75.96
instrument_17tm3p1.csv:17,2024-02-04T12:30:02Z,21.78,21.9,21.62,63.62
instrument_17tm3p1.csv:17,2024-02-04T12:45:02Z,22.28,22.44,22.44,56.93
instrument_17tm3p1.csv:17,2024-02-04T13:00:06Z,23.07,23.2,23.44,57.19
instrument_17tm3p1.csv:17,2024-02-04T13:15:02Z,21.36,21.91,21.5,59.37
instrument_17tm3p1.csv:17,2024-02-04T13:30:02Z,21.69,22.1,21.88,58.66
instrument_17tm3p1.csv:17,2024-02-04T13:45:02Z,21.54,21.96,21.62,58.12
instrument_17tm3p1.csv:17,2024-02-04T14:00:59Z,20.75,20.97,21.12,57.77
instrument_17tm3p1.csv:17,2024-02-04T14:15:00Z,19.71,19.58,19.25,59.32
instrument_17tm3p1.csv:17,2024-02-04T14:30:07Z,18.99,18.75,18.56,61.65
instrument_17tm3p1.csv:17,2024-02-04T14:45:02Z,18.56,18.3,18.12,64.01
instrument_17tm3p1.csv:17,2024-02-04T15:00:02Z,18.54,18.2,18.06,63.86
instrument_17tm3p1.csv:17,2024-02-04T15:10:07Z,18.61,18.36,18.19,63.95
instrument_17tm3p1.csv:17,2024-02-04T15:11:41Z,18.59,18.32,18.12,63.33
instrument_17tm3p1.csv:17,2024-02-04T15:15:02Z,18.57,18.29,18.12,63.75
instrument_17tm3p1.csv:17,2024-02-04T15:30:02Z,17.98,17.72,17.62,66.21
instrument_17tm3p1.csv:17,2024-02-04T15:45:04Z,17.59,17.31,17.25,67.49
instrument_17tm3p1.csv:17,2024-02-04T16:00:02Z,17.37,17.06,16.94,68.72
instrument_17tm3p1.csv:17,2024-02-04T16:15:02Z,17.1,16.79,16.69,70.66
instrument_17tm3p1.csv:17,2024-02-04T16:30:04Z,17.3,16.93,16.69,69.57
instrument_17tm3p1.csv:17,2024-02-04T16:45:01Z,17.1,16.85,16.81,72.23
instrument_17tm3p1.csv:17,2024-02-04T17:00:03Z,16.69,16.4,16.31,74.04
instrument_17tm3p1.csv:17,2024-02-04T17:15:11Z,16.7,16.4,16.38,76.24
instrument_17tm3p1.csv:17,2024-02-04T17:30:04Z,15.99,15.67,15.81,82.77
instrument_17tm3p1.csv:17,2024-02-04T17:45:01Z,15.78,15.49,15.5,81.79
instrument_17tm3p1.csv:17,2024-02-04T18:00:04Z,15.89,15.58,15.56,81.12
instrument_17tm3p1.csv:17,2024-02-04T18:15:08Z,15.98,15.66,15.62,80.12
instrument_17tm3p1.csv:17,2024-02-04T18:30:02Z,16.13,15.81,15.69,79.79
instrument_17tm3p1.csv:17,2024-02-04T18:45:03Z,16.34,16.06,15.94,78.98
instrument_17tm3p1.csv:17,2024-02-04T19:00:01Z,16.23,15.93,15.94,80.17
instrument_17tm3p1.csv:17,2024-02-04T19:15:02Z,16.13,15.83,15.81,80.87
instrument_17tm3p1.csv:17,2024-02-04T19:30:00Z,16.15,15.83,15.81,81.84
instrument_17tm3p1.csv:17,2024-02-04T19:45:01Z,16.14,15.82,15.81,81.93
instrument_17tm3p1.csv:17,2024-02-04T20:00:00Z,16.07,15.76,15.69,82.52
instrument_17tm3p1.csv:17,2024-02-04T20:15:07Z,16.03,15.69,15.62,83.13
instrument_17tm3p1.csv:17,2024-02-04T20:30:02Z,15.89,15.58,15.56,83.94
instrument_17tm3p1.csv:17,2024-02-04T20:45:04Z,15.84,15.52,15.56,84.53
instrument_17tm3p1.csv:17,2024-02-04T21:00:02Z,15.79,15.49,15.44,84.61
instrument_17tm3p1.csv:17,2024-02-04T21:15:03Z,15.76,15.45,15.44,85.03
instrument_17tm3p1.csv:17,2024-02-04T21:30:05Z,15.7,15.37,15.38,84.09
instrument_17tm3p1.csv:17,2024-02-04T21:45:01Z,15.71,15.39,15.31,84.56
instrument_17tm3p1.csv:17,2024-02-04T22:00:03Z,15.68,15.35,15.31,85.36
instrument_17tm3p1.csv:17,2024-02-04T22:15:02Z,15.63,15.31,15.25,85.84
instrument_17tm3p1.csv:17,2024-02-04T22:30:02Z,15.54,15.21,15.19,85.78
instrument_17tm3p1.csv:17,2024-02-04T22:45:04Z,15.47,15.12,15.19,86.67
instrument_17tm3p1.csv:17,2024-02-04T23:00:02Z,15.37,15.07,15,87.4
instrument_17tm3p1.csv:17,2024-02-04T23:15:02Z,15.32,15,14.94,86.16
instrument_17tm3p1.csv:17,2024-02-04T23:30:03Z,15.21,14.9,14.88,85.76
instrument_17tm3p1.csv:17,2024-02-04T23:45:03Z,15.01,14.7,14.75,86.14
instrument_18tm3p1.csv:18,2024-02-04T08:00:42Z,27.3,26.75,26.56,59.43
instrument_18tm3p1.csv:18,2024-02-04T08:15:02Z,28,27.58,27.56,54.83
instrument_18tm3p1.csv:18,2024-02-04T08:30:02Z,28.16,27.43,27.62,57.85
instrument_18tm3p1.csv:18,2024-02-04T08:45:02Z,28.71,28.33,28.06,53.69
instrument_18tm3p1.csv:18,2024-02-04T09:00:10Z,28.17,27.85,27.44,51.86
instrument_18tm3p1.csv:18,2024-02-04T09:10:00Z,28.91,28.69,28.44,54.9
instrument_18tm3p1.csv:18,2024-02-04T09:16:50Z,28.62,28.41,27.94,50.97
instrument_18tm3p1.csv:18,2024-02-04T09:22:29Z,27.24,27.49,26.56,50.03
instrument_18tm3p1.csv:18,2024-02-04T09:30:01Z,27.78,27.29,27.12,53.9
instrument_18tm3p1.csv:18,2024-02-04T09:45:03Z,28.18,28.12,27.56,50.87
instrument_18tm3p1.csv:18,2024-02-04T10:00:02Z,28.82,28.16,28,50.02
instrument_18tm3p1.csv:18,2024-02-04T10:06:03Z,28.24,27.64,27.31,49.13
instrument_18tm3p1.csv:18,2024-02-04T10:15:02Z,29.74,28.74,28.69,52.58
instrument_18tm3p1.csv:18,2024-02-04T10:38:27Z,31.21,30.07,30.38,47.24
instrument_18tm3p1.csv:18,2024-02-04T10:45:05Z,30.37,28.33,28.81,53.56
instrument_18tm3p1.csv:18,2024-02-04T11:00:03Z,28.46,26.65,27.12,61.63
instrument_18tm3p1.csv:18,2024-02-04T11:15:03Z,30.22,28.69,29,50.39
instrument_18tm3p1.csv:18,2024-02-04T11:23:22Z,29.56,27.74,28,52.97
instrument_18tm3p1.csv:18,2024-02-04T11:30:00Z,29.68,28.15,28.38,54.74
instrument_18tm3p1.csv:18,2024-02-04T11:45:07Z,28.96,27.35,27.75,57.98
instrument_18tm3p1.csv:18,2024-02-04T12:00:02Z,30.64,29.39,29.56,50.72
instrument_18tm3p1.csv:18,2024-02-04T12:15:02Z,31.22,30.09,29.94,44.18
instrument_18tm3p1.csv:18,2024-02-04T12:30:02Z,28.59,27.87,27.44,54.05
instrument_18tm3p1.csv:18,2024-02-04T12:45:02Z,29.78,28.42,28.19,52.38
instrument_18tm3p1.csv:18,2024-02-04T13:00:02Z,29.99,28.8,28.62,50.86
instrument_18tm3p1.csv:18,2024-02-04T13:15:03Z,30.1,28.76,28.94,48.55
instrument_18tm3p1.csv:18,2024-02-04T13:30:02Z,30.59,29.41,29.44,44.86
instrument_18tm3p1.csv:18,2024-02-04T13:45:02Z,30.24,28.89,29,50.92
instrument_18tm3p1.csv:18,2024-02-04T14:00:03Z,29.48,28.28,28.38,49.56
instrument_18tm3p1.csv:18,2024-02-04T14:15:01Z,27.83,26.85,26.81,60.24
instrument_18tm3p1.csv:18,2024-02-04T14:30:02Z,27.57,26.48,26.62,63.4
instrument_18tm3p1.csv:18,2024-02-04T14:45:03Z,26.8,25.9,25.88,66.37
instrument_18tm3p1.csv:18,2024-02-04T15:00:01Z,26.28,25.31,25.38,68.3
instrument_18tm3p1.csv:18,2024-02-04T15:15:02Z,25.1,24.19,24.31,74.81
instrument_18tm3p1.csv:18,2024-02-04T15:30:02Z,24.55,23.6,23.62,76.91
instrument_18tm3p1.csv:18,2024-02-04T15:45:02Z,24.2,23.49,23.44,78.05
instrument_18tm3p1.csv:18,2024-02-04T16:00:02Z,22.99,22.43,22.25,74.67
instrument_18tm3p1.csv:18,2024-02-04T16:15:20Z,22.58,21.63,21.56,76.03
instrument_18tm3p1.csv:18,2024-02-04T16:30:06Z,20.62,19.4,19.31,87.2
instrument_18tm3p1.csv:18,2024-02-04T16:45:02Z,19.86,18.88,18.81,87.59
instrument_18tm3p1.csv:18,2024-02-04T17:00:02Z,19.52,18.53,18.44,88.78
instrument_18tm3p1.csv:18,2024-02-04T17:15:02Z,19.27,18.4,18.31,89.27
instrument_18tm3p1.csv:18,2024-02-04T17:30:08Z,19,18.23,18.06,90.82
instrument_18tm3p1.csv:18,2024-02-04T17:45:21Z,18.92,18.16,18,92.11
instrument_18tm3p1.csv:18,2024-02-04T18:00:20Z,19.16,18.29,18.25,91.86
instrument_18tm3p1.csv:18,2024-02-04T18:15:03Z,19.52,18.6,18.62,90.53
instrument_18tm3p1.csv:18,2024-02-04T18:30:20Z,19.8,18.92,18.88,89.23
instrument_18tm3p1.csv:18,2024-02-04T18:45:09Z,19.94,19.08,19.06,89.22
instrument_18tm3p1.csv:18,2024-02-04T19:00:05Z,19.65,18.92,18.75,89.11
instrument_18tm3p1.csv:18,2024-02-04T19:15:03Z,19.82,18.89,18.88,89.47
instrument_18tm3p1.csv:18,2024-02-04T19:30:01Z,19.51,18.74,18.62,90.78
instrument_18tm3p1.csv:18,2024-02-04T19:45:02Z,19.62,18.71,18.69,90.67
instrument_18tm3p1.csv:18,2024-02-04T20:00:03Z,19.57,18.62,18.62,91.24
instrument_18tm3p1.csv:18,2024-02-04T20:15:03Z,19.51,18.57,18.56,91.48
instrument_18tm3p1.csv:18,2024-02-04T20:30:01Z,19.65,18.6,18.75,91.33
instrument_18tm3p1.csv:18,2024-02-04T20:45:02Z,19.76,18.79,18.81,90.87
instrument_18tm3p1.csv:18,2024-02-04T21:00:02Z,19.52,18.6,18.56,91.14
instrument_18tm3p1.csv:18,2024-02-04T21:15:02Z,19.53,18.55,18.62,92.03
instrument_18tm3p1.csv:18,2024-02-04T21:30:02Z,20.1,19.11,19.19,89.23
instrument_18tm3p1.csv:18,2024-02-04T21:45:02Z,19.68,18.95,18.75,90
instrument_18tm3p1.csv:18,2024-02-04T22:00:01Z,19.6,18.67,18.62,89.59
instrument_18tm3p1.csv:18,2024-02-04T22:15:02Z,19.72,18.89,18.81,87.42
instrument_18tm3p1.csv:18,2024-02-04T22:30:02Z,20.03,19.11,19.12,85.7
instrument_18tm3p1.csv:18,2024-02-04T22:45:02Z,20,19.09,19.06,86.28
instrument_18tm3p1.csv:18,2024-02-04T23:00:01Z,19.69,18.94,18.81,86.67
instrument_18tm3p1.csv:18,2024-02-04T23:15:02Z,19.58,18.78,18.62,86.18
instrument_18tm3p1.csv:18,2024-02-04T23:30:01Z,19.6,18.68,18.62,85.58
instrument_18tm3p1.csv:18,2024-02-04T23:45:02Z,19.2,18.38,18.25,86.58
instrument_19tm3p1.csv:19,2024-02-04T08:00:02Z,26.54,25.31,25.56,47.87
instrument_19tm3p1.csv:19,2024-02-04T08:15:03Z,27.28,26.12,26.38,44.3
instrument_19tm3p1.csv:19,2024-02-04T08:30:04Z,26.61,25.94,26.12,46.36
instrument_19tm3p1.csv:19,2024-02-04T08:45:02Z,27.06,26.86,26.25,39.65
instrument_19tm3p1.csv:19,2024-02-04T09:00:03Z,27.73,27.03,27.75,35.09
instrument_19tm3p1.csv:19,2024-02-04T09:15:03Z,27.71,27.53,27.31,34.25
instrument_19tm3p1.csv:19,2024-02-04T09:30:03Z,29.05,27.77,27.44,36.51
instrument_19tm3p1.csv:19,2024-02-04T09:45:03Z,26.16,24.98,24.56,41.56
instrument_19tm3p1.csv:19,2024-02-04T10:00:03Z,26.16,25.25,25.12,40.55
instrument_19tm3p1.csv:19,2024-02-04T10:15:03Z,27.45,26.65,26.31,37.25
instrument_19tm3p1.csv:19,2024-02-04T10:30:04Z,26.79,25.93,25.62,39.41
instrument_19tm3p1.csv:19,2024-02-04T10:45:02Z,26.33,25.72,25.38,38.09
instrument_19tm3p1.csv:19,2024-02-04T11:00:03Z,25.78,25.22,25.25,38
instrument_19tm3p1.csv:19,2024-02-04T11:15:04Z,24.16,23.44,23.44,49.07
instrument_19tm3p1.csv:19,2024-02-04T11:30:02Z,25.31,24.49,24.5,48.71
instrument_19tm3p1.csv:19,2024-02-04T11:45:03Z,24.95,24.12,23.88,47.49
instrument_19tm3p1.csv:19,2024-02-04T12:00:03Z,25.74,24.92,24.69,46.21
instrument_19tm3p1.csv:19,2024-02-04T12:15:02Z,23.47,23.28,22.75,51.94
instrument_19tm3p1.csv:19,2024-02-04T12:30:04Z,23,22.58,22.31,54.78
instrument_19tm3p1.csv:19,2024-02-04T12:45:02Z,24.23,23.69,23.5,46.78
instrument_19tm3p1.csv:19,2024-02-04T13:00:03Z,24.5,24.05,23.69,44.31
instrument_19tm3p1.csv:19,2024-02-04T13:15:03Z,25.43,25.05,24.81,40.55
instrument_19tm3p1.csv:19,2024-02-04T13:30:03Z,26.35,26.01,25.56,38.91
instrument_19tm3p1.csv:19,2024-02-04T13:45:04Z,27.8,27.88,27.44,37.92
instrument_19tm3p1.csv:19,2024-02-04T14:00:02Z,26.99,26.84,26.62,38.54
instrument_19tm3p1.csv:19,2024-02-04T14:15:03Z,25.93,25.53,25.38,41.87
instrument_19tm3p1.csv:19,2024-02-04T14:30:03Z,24.35,23.95,23.69,47.04
instrument_19tm3p1.csv:19,2024-02-04T14:45:03Z,23.49,22.79,22.44,55.58
instrument_19tm3p1.csv:19,2024-02-04T15:00:04Z,23.07,22.44,22.19,56.81
instrument_19tm3p1.csv:19,2024-02-04T15:15:02Z,23.02,22.47,22.31,54.57
instrument_19tm3p1.csv:19,2024-02-04T15:30:03Z,22.79,22.21,22,56.78
instrument_19tm3p1.csv:19,2024-02-04T15:45:03Z,22.59,22.01,21.88,56.34
instrument_19tm3p1.csv:19,2024-02-04T16:00:03Z,21.5,20.74,20.69,64.87
instrument_19tm3p1.csv:19,2024-02-04T16:15:04Z,20.31,19.61,19.44,69.88
instrument_19tm3p1.csv:19,2024-02-04T16:30:02Z,20.16,19.62,19.31,68.57
instrument_19tm3p1.csv:19,2024-02-04T16:45:03Z,20.06,19.47,19.25,69.61
instrument_19tm3p1.csv:19,2024-02-04T17:00:03Z,19.58,18.89,18.75,71.58
instrument_19tm3p1.csv:19,2024-02-04T17:15:03Z,19.33,18.65,18.44,72.72
instrument_19tm3p1.csv:19,2024-02-04T17:30:03Z,19.22,18.55,18.38,73.82
instrument_19tm3p1.csv:19,2024-02-04T17:45:04Z,18.92,18.19,17.94,75.2
instrument_19tm3p1.csv:19,2024-02-04T18:00:02Z,18.43,17.77,17.5,76.33
instrument_19tm3p1.csv:19,2024-02-04T18:15:03Z,18.26,17.73,17.5,77.12
instrument_19tm3p1.csv:19,2024-02-04T18:30:03Z,17.94,17.3,17,78.5
instrument_19tm3p1.csv:19,2024-02-04T18:45:02Z,17.54,16.78,16.69,80.79
instrument_19tm3p1.csv:19,2024-02-04T19:00:03Z,17.54,16.82,16.81,80.19
instrument_19tm3p1.csv:19,2024-02-04T19:15:03Z,17.81,17.02,17,76.48
instrument_19tm3p1.csv:19,2024-02-04T19:30:03Z,18.06,17.26,17.31,72.26
instrument_19tm3p1.csv:19,2024-02-04T19:45:04Z,18,17.43,17.19,75.63
instrument_19tm3p1.csv:19,2024-02-04T20:00:02Z,18.08,17.51,17.31,75.3
instrument_19tm3p1.csv:19,2024-02-04T20:15:03Z,18.24,17.85,17.62,74.37
instrument_19tm3p1.csv:19,2024-02-04T20:30:03Z,18.19,17.54,17.31,76.72
instrument_19tm3p1.csv:19,2024-02-04T20:45:03Z,18.33,17.77,17.56,77.28
instrument_19tm3p1.csv:19,2024-02-04T21:00:03Z,18.19,17.57,17.31,77.53
instrument_19tm3p1.csv:19,2024-02-04T21:15:03Z,18.13,17.56,17.31,77.61
instrument_19tm3p1.csv:19,2024-02-04T21:30:03Z,18.11,17.46,17.25,80.39
instrument_19tm3p1.csv:19,2024-02-04T21:45:03Z,17.94,17.27,17.06,82.29
instrument_19tm3p1.csv:19,2024-02-04T22:00:03Z,17.64,16.91,16.75,83.99
instrument_19tm3p1.csv:19,2024-02-04T22:15:04Z,17.38,16.68,16.56,85.05
instrument_19tm3p1.csv:19,2024-02-04T22:30:02Z,17.21,16.51,16.38,84.65
instrument_19tm3p1.csv:19,2024-02-04T22:45:03Z,17.06,16.34,16.19,85.61
instrument_19tm3p1.csv:19,2024-02-04T23:00:03Z,16.78,16.05,15.88,85.28
instrument_19tm3p1.csv:19,2024-02-04T23:15:03Z,16.33,15.55,15.69,83.48
instrument_19tm3p1.csv:19,2024-02-04T23:30:04Z,16.19,15.45,15.44,81.75
instrument_19tm3p1.csv:19,2024-02-04T23:45:02Z,15.94,15.12,15.19,83.59
instrument_20tm3p1.csv:20,2024-02-04T08:00:03Z,25.64,26.37,26.38,53.19
instrument_20tm3p1.csv:20,2024-02-04T08:15:03Z,25.86,25.97,26.44,54.58
instrument_20tm3p1.csv:20,2024-02-04T08:30:03Z,25.36,25.83,26.19,56.44
instrument_20tm3p1.csv:20,2024-02-04T08:45:03Z,23.93,24.35,24.88,56.8
instrument_20tm3p1.csv:20,2024-02-04T09:00:02Z,26.01,26.48,27.12,55.76
instrument_20tm3p1.csv:20,2024-02-04T09:15:08Z,24.62,25.31,26.06,55.88
instrument_20tm3p1.csv:20,2024-02-04T09:30:02Z,23.9,24.74,24.81,57.58
instrument_20tm3p1.csv:20,2024-02-04T09:45:02Z,25.81,26.45,26.69,55.77
instrument_20tm3p1.csv:20,2024-02-04T10:00:09Z,27.02,27.51,28,53.49
instrument_20tm3p1.csv:20,2024-02-04T10:15:02Z,26.54,26.59,27.62,52.05
instrument_20tm3p1.csv:20,2024-02-04T10:30:03Z,24.26,24.71,25.38,59.17
instrument_20tm3p1.csv:20,2024-02-04T10:45:10Z,24.35,24.61,24.94,59.01
instrument_20tm3p1.csv:20,2024-02-04T11:00:07Z,26.13,26.21,27.06,52.9
instrument_20tm3p1.csv:20,2024-02-04T11:15:09Z,27.57,27.75,28.56,55.71
instrument_20tm3p1.csv:20,2024-02-04T11:30:09Z,27.72,27.89,28.5,50.45
instrument_20tm3p1.csv:20,2024-02-04T11:45:09Z,25.89,26.66,26.81,51.77
instrument_20tm3p1.csv:20,2024-02-04T12:00:03Z,25.13,25.59,25.81,57.13
instrument_20tm3p1.csv:20,2024-02-04T12:15:03Z,22.96,23.16,23.56,64.92
instrument_20tm3p1.csv:20,2024-02-04T12:30:03Z,19.73,19.98,20.06,78.23
instrument_20tm3p1.csv:20,2024-02-04T12:45:12Z,19.28,19.54,19.56,79.52
instrument_20tm3p1.csv:20,2024-02-04T13:00:07Z,20.07,20.37,20.31,75.56
instrument_20tm3p1.csv:20,2024-02-04T13:15:07Z,23.55,23.29,23.31,69.4
instrument_20tm3p1.csv:20,2024-02-04T13:30:03Z,24.21,24.14,23.88,61.38
instrument_20tm3p1.csv:20,2024-02-04T13:45:03Z,25.43,25.19,25.44,60.07
instrument_20tm3p1.csv:20,2024-02-04T14:00:10Z,23.3,23.89,24.25,60.32
instrument_20tm3p1.csv:20,2024-02-04T14:15:03Z,22.49,23.36,23.25,68.2
instrument_20tm3p1.csv:20,2024-02-04T14:30:04Z,21.76,22.53,22.44,70.28
instrument_20tm3p1.csv:20,2024-02-04T14:45:02Z,20.77,21.5,21.5,70.42
instrument_20tm3p1.csv:20,2024-02-04T15:00:02Z,20.2,20.89,20.88,73.2
instrument_20tm3p1.csv:20,2024-02-04T15:15:02Z,19.72,20.4,20.25,74.26
instrument_20tm3p1.csv:20,2024-02-04T15:30:06Z,19.52,20.16,20,74.28
instrument_20tm3p1.csv:20,2024-02-04T15:45:03Z,19.28,19.79,19.62,76.39
instrument_20tm3p1.csv:20,2024-02-04T16:00:07Z,19.09,19.62,19.5,78.32
instrument_20tm3p1.csv:20,2024-02-04T16:15:09Z,17.83,18.18,18.12,85.85
instrument_20tm3p1.csv:20,2024-02-04T16:30:08Z,17.6,18.1,18.19,84.57
instrument_20tm3p1.csv:20,2024-02-04T16:45:09Z,16.66,17.24,17.19,83.29
instrument_20tm3p1.csv:20,2024-02-04T17:00:02Z,16.42,16.92,17,87.45
instrument_20tm3p1.csv:20,2024-02-04T17:15:02Z,16.66,17.28,17.25,88.78
instrument_20tm3p1.csv:20,2024-02-04T17:30:02Z,16.74,17.31,17.38,90.36
instrument_20tm3p1.csv:20,2024-02-04T17:45:02Z,16.81,17.43,17.44,90.02
instrument_20tm3p1.csv:20,2024-02-04T17:52:32Z,16.89,17.49,17.56,89.64
instrument_20tm3p1.csv:20,2024-02-04T17:54:09Z,16.92,17.5,17.5,88.5
instrument_20tm3p1.csv:20,2024-02-04T18:00:02Z,17.09,17.65,17.56,90.15
instrument_20tm3p1.csv:20,2024-02-04T18:15:10Z,17.43,17.98,17.94,87.89
instrument_20tm3p1.csv:20,2024-02-04T18:30:03Z,17.65,18.22,18.06,85.72
instrument_20tm3p1.csv:20,2024-02-04T18:45:09Z,18.21,18.76,18.5,82.54
instrument_20tm3p1.csv:20,2024-02-04T19:00:02Z,17.95,18.45,18.44,86.49
instrument_20tm3p1.csv:20,2024-02-04T19:15:09Z,17.6,18.2,18.06,87.16
instrument_20tm3p1.csv:20,2024-02-04T19:30:04Z,17.61,18.2,18.12,85.13
instrument_20tm3p1.csv:20,2024-02-04T19:45:19Z,17.55,18.12,18,87.62
instrument_20tm3p1.csv:20,2024-02-04T20:00:09Z,17.4,18.01,17.94,87.14
instrument_20tm3p1.csv:20,2024-02-04T20:15:03Z,17.54,18.15,18.06,88.16
instrument_20tm3p1.csv:20,2024-02-04T20:30:03Z,17.3,17.97,17.88,88.27
instrument_20tm3p1.csv:20,2024-02-04T20:45:02Z,17.13,17.77,17.62,88.33
instrument_20tm3p1.csv:20,2024-02-04T21:00:02Z,16.81,17.45,17.56,89.57
instrument_20tm3p1.csv:20,2024-02-04T21:15:02Z,16.6,17.25,17.25,90.42
instrument_20tm3p1.csv:20,2024-02-04T21:30:02Z,16.42,17.1,17.12,91.2
instrument_20tm3p1.csv:20,2024-02-04T21:45:03Z,16.52,17.11,17.19,91.74
instrument_20tm3p1.csv:20,2024-02-04T22:00:03Z,16.54,17.19,17.25,85.1
instrument_20tm3p1.csv:20,2024-02-04T22:15:03Z,16.52,17.1,17.25,84.52
instrument_20tm3p1.csv:20,2024-02-04T22:30:02Z,16.84,17.43,17.5,82.21
instrument_20tm3p1.csv:20,2024-02-04T22:45:02Z,16.81,17.34,17.5,82.31
instrument_20tm3p1.csv:20,2024-02-04T23:00:03Z,16.73,17.22,17.5,80.86
instrument_20tm3p1.csv:20,2024-02-04T23:15:04Z,16.65,17.19,17.38,79.77
instrument_20tm3p1.csv:20,2024-02-04T23:30:03Z,15.96,16.67,16.62,82.21
instrument_20tm3p1.csv:20,2024-02-04T23:45:02Z,15.59,16.25,16.25,83.23
instrument_21tm3p1.csv:21,2024-02-04T08:00:02Z,30.03,30.22,30.25,47.61
instrument_21tm3p1.csv:21,2024-02-04T08:15:02Z,29.78,30.05,30.06,49.25
instrument_21tm3p1.csv:21,2024-02-04T08:30:02Z,28.35,28.33,28.62,55.78
instrument_21tm3p1.csv:21,2024-02-04T08:45:02Z,28.49,28.2,28.38,57.17
instrument_21tm3p1.csv:21,2024-02-04T09:00:02Z,29.95,30.03,30.12,53.89
instrument_21tm3p1.csv:21,2024-02-04T09:15:02Z,29.57,29.49,29.56,56.73
instrument_21tm3p1.csv:21,2024-02-04T09:30:02Z,29.75,29.85,29.94,53.74
instrument_21tm3p1.csv:21,2024-02-04T09:45:02Z,29.81,29.9,30,56.35
instrument_21tm3p1.csv:21,2024-02-04T10:00:02Z,29.8,29.86,29.94,53.84
instrument_21tm3p1.csv:21,2024-02-04T10:15:02Z,29.74,29.69,30.12,53.39
instrument_21tm3p1.csv:21,2024-02-04T10:30:02Z,30.03,29.92,30.44,52.56
instrument_21tm3p1.csv:21,2024-02-04T10:45:02Z,29.68,29.71,29.88,54.37
instrument_21tm3p1.csv:21,2024-02-04T11:00:02Z,29.71,29.61,30.12,55.21
instrument_21tm3p1.csv:21,2024-02-04T11:15:02Z,29.53,29.47,29.88,56.66
instrument_21tm3p1.csv:21,2024-02-04T11:30:02Z,30.73,30.57,31.12,54.83
instrument_21tm3p1.csv:21,2024-02-04T11:45:02Z,28.67,28.61,28.81,58.19
instrument_21tm3p1.csv:21,2024-02-04T12:00:02Z,27.53,27.38,27.56,62.81
instrument_21tm3p1.csv:21,2024-02-04T12:15:02Z,27.69,27.38,27.69,67.33
instrument_21tm3p1.csv:21,2024-02-04T12:30:02Z,27.92,27.61,27.94,65.14
instrument_21tm3p1.csv:21,2024-02-04T12:45:02Z,28.06,27.59,27.81,66.16
instrument_21tm3p1.csv:21,2024-02-04T13:00:02Z,28.94,28.5,29.12,64.81
instrument_21tm3p1.csv:21,2024-02-04T13:15:02Z,28.82,28.42,29,61.56
instrument_21tm3p1.csv:21,2024-02-04T13:30:03Z,28.99,28.68,28.88,61.42
instrument_21tm3p1.csv:21,2024-02-04T13:45:03Z,29.18,28.77,29.12,59.26
instrument_21tm3p1.csv:21,2024-02-04T14:00:03Z,28.82,28.29,28.88,61.25
instrument_21tm3p1.csv:21,2024-02-04T14:15:03Z,28.89,28.4,29.06,61.18
instrument_21tm3p1.csv:21,2024-02-04T14:30:03Z,28.98,28.42,29.12,60.13
instrument_21tm3p1.csv:21,2024-02-04T14:45:03Z,27.9,27.45,27.94,61.76
instrument_21tm3p1.csv:21,2024-02-04T15:00:03Z,26.1,25.1,25.06,64.94
instrument_21tm3p1.csv:21,2024-02-04T15:15:03Z,25.03,24.42,24.38,69.78
instrument_21tm3p1.csv:21,2024-02-04T15:30:03Z,24.19,23.64,23.62,72.72
instrument_21tm3p1.csv:21,2024-02-04T15:45:03Z,23.8,23.33,23.25,75.21
instrument_21tm3p1.csv:21,2024-02-04T16:00:03Z,23.48,23.06,23,77.05
instrument_21tm3p1.csv:21,2024-02-04T16:15:03Z,23.1,22.73,22.62,80.05
instrument_21tm3p1.csv:21,2024-02-04T16:30:04Z,22.44,22.02,21.94,83.31
instrument_21tm3p1.csv:21,2024-02-04T16:45:03Z,21.97,21.6,21.5,87.03
instrument_21tm3p1.csv:21,2024-02-04T17:00:03Z,21.76,21.44,21.31,87.27
instrument_21tm3p1.csv:21,2024-02-04T17:15:03Z,21.74,21.47,21.38,86.58
instrument_21tm3p1.csv:21,2024-02-04T17:30:03Z,22.06,21.74,21.62,84.81
instrument_21tm3p1.csv:21,2024-02-04T17:45:03Z,22.07,21.78,21.69,83.12
instrument_21tm3p1.csv:21,2024-02-04T18:00:03Z,22.25,22,21.88,81.59
instrument_21tm3p1.csv:21,2024-02-04T18:15:03Z,22.28,21.97,21.88,82.51
instrument_21tm3p1.csv:21,2024-02-04T18:30:03Z,22.19,21.9,21.75,83.47
instrument_21tm3p1.csv:21,2024-02-04T18:45:03Z,22.09,21.77,21.69,83.79
instrument_21tm3p1.csv:21,2024-02-04T19:00:02Z,21.92,21.6,21.56,84.02
instrument_21tm3p1.csv:21,2024-02-04T19:15:02Z,22.16,21.91,21.88,82.5
instrument_21tm3p1.csv:21,2024-02-04T19:30:02Z,22.39,22.11,22,81.97
instrument_21tm3p1.csv:21,2024-02-04T19:45:02Z,22.16,21.71,21.69,84.96
instrument_21tm3p1.csv:21,2024-02-04T20:00:02Z,21.59,20.97,20.94,89.29
instrument_21tm3p1.csv:21,2024-02-04T20:15:02Z,20.92,20.43,20.31,90.97
instrument_21tm3p1.csv:21,2024-02-04T20:30:02Z,21.05,20.77,20.62,90.58
instrument_21tm3p1.csv:21,2024-02-04T20:45:02Z,21.12,20.82,20.69,91.32
instrument_21tm3p1.csv:21,2024-02-04T21:00:02Z,21.12,20.82,20.69,91.3
instrument_21tm3p1.csv:21,2024-02-04T21:15:02Z,20.95,20.59,20.44,91.9
instrument_21tm3p1.csv:21,2024-02-04T21:30:02Z,20.55,20.22,20.06,91.41
instrument_21tm3p1.csv:21,2024-02-04T21:45:02Z,20.29,19.94,19.88,92.48
instrument_21tm3p1.csv:21,2024-02-04T22:00:02Z,20.24,19.97,19.88,93.04
instrument_21tm3p1.csv:21,2024-02-04T22:15:02Z,20.07,19.78,19.62,93.42
instrument_21tm3p1.csv:21,2024-02-04T22:30:02Z,20.19,19.92,19.81,93.4
instrument_21tm3p1.csv:21,2024-02-04T22:45:03Z,20.33,20.05,20,93
instrument_21tm3p1.csv:21,2024-02-04T23:00:03Z,20.43,20.15,20.06,92.92
instrument_21tm3p1.csv:21,2024-02-04T23:15:03Z,20.31,20.07,19.94,91.18
instrument_21tm3p1.csv:21,2024-02-04T23:30:03Z,20.22,19.95,19.81,92.71
instrument_21tm3p1.csv:21,2024-02-04T23:45:03Z,20.06,19.8,19.69,92.69
instrument_22tm3p1.csv:22,2024-02-04T08:00:03Z,27.13,27.26,26.25,72.2
instrument_22tm3p1.csv:22,2024-02-04T08:15:04Z,26.02,25.89,25.12,76.02
instrument_22tm3p1.csv:22,2024-02-04T08:30:03Z,27.27,27.48,26.38,71.34
instrument_22tm3p1.csv:22,2024-02-04T08:45:03Z,27.88,27.4,26.75,73.71
instrument_22tm3p1.csv:22,2024-02-04T09:00:03Z,28.24,28.23,27.31,68.5
instrument_22tm3p1.csv:22,2024-02-04T09:15:03Z,28.06,28.21,27.19,66.61
instrument_22tm3p1.csv:22,2024-02-04T09:30:04Z,28.65,28.53,27.69,62.96
instrument_22tm3p1.csv:22,2024-02-04T09:45:04Z,29.07,28.61,28,62.74
instrument_22tm3p1.csv:22,2024-02-04T10:00:04Z,28.94,28.51,27.88,64.6
instrument_22tm3p1.csv:22,2024-02-04T10:15:04Z,29.24,28.68,28.19,66.46
instrument_22tm3p1.csv:22,2024-02-04T10:30:04Z,28.13,27.72,27.19,66.89
instrument_22tm3p1.csv:22,2024-02-04T10:45:04Z,27.48,26.97,26.5,64.28
instrument_22tm3p1.csv:22,2024-02-04T11:00:05Z,29.61,29.19,28.62,60.87
instrument_22tm3p1.csv:22,2024-02-04T11:15:03Z,29.33,29.05,28.44,64.95
instrument_22tm3p1.csv:22,2024-02-04T11:30:03Z,29.48,28.94,28.5,67.59
instrument_22tm3p1.csv:22,2024-02-04T11:45:05Z,29.15,28.61,28.19,67.39
instrument_22tm3p1.csv:22,2024-02-04T12:00:02Z,29.83,29.54,29.06,65.78
instrument_22tm3p1.csv:22,2024-02-04T12:15:04Z,29.71,29.12,28.75,66.46
instrument_22tm3p1.csv:22,2024-02-04T12:30:04Z,30.15,29.53,29.25,61.52
instrument_22tm3p1.csv:22,2024-02-04T12:45:05Z,30.11,29.22,29.06,63.05
instrument_22tm3p1.csv:22,2024-02-04T13:00:03Z,28.95,28.03,27.88,66.47
instrument_22tm3p1.csv:22,2024-02-04T13:15:04Z,27.99,26.95,26.88,70.4
instrument_22tm3p1.csv:22,2024-02-04T13:30:04Z,27.24,26.41,26.19,70.77
instrument_22tm3p1.csv:22,2024-02-04T13:45:04Z,26.89,26.14,25.94,72.07
instrument_22tm3p1.csv:22,2024-02-04T14:00:04Z,26.78,26.04,25.88,71.09
instrument_22tm3p1.csv:22,2024-02-04T14:15:05Z,26.88,26.16,25.94,71.92
instrument_22tm3p1.csv:22,2024-02-04T14:30:06Z,26.92,26.25,26.12,69.9
instrument_22tm3p1.csv:22,2024-02-04T14:45:05Z,27.45,26.49,26.38,69.17
instrument_22tm3p1.csv:22,2024-02-04T15:00:04Z,27.94,27.11,27.12,67.44
instrument_22tm3p1.csv:22,2024-02-04T15:15:04Z,27.2,26.21,26.12,71.18
instrument_22tm3p1.csv:22,2024-02-04T15:30:03Z,26.97,26.07,26,70.26
instrument_22tm3p1.csv:22,2024-02-04T15:45:04Z,26.13,25.18,25.06,73.91
instrument_22tm3p1.csv:22,2024-02-04T16:00:04Z,25.45,24.69,24.56,74.1
instrument_22tm3p1.csv:22,2024-02-04T16:15:04Z,25.11,24.45,24.25,75.61
instrument_22tm3p1.csv:22,2024-02-04T16:30:04Z,24.93,24.29,24.06,77.02
instrument_22tm3p1.csv:22,2024-02-04T16:45:04Z,25.03,24.39,24.12,78.02
instrument_22tm3p1.csv:22,2024-02-04T16:53:37Z,25.14,24.58,24.25,78.34
instrument_22tm3p1.csv:22,2024-02-04T16:54:57Z,25.17,24.6,24.31,78.48
instrument_22tm3p1.csv:22,2024-02-04T17:00:03Z,25.27,24.7,24.5,78.78
instrument_22tm3p1.csv:22,2024-02-04T17:15:03Z,25.58,24.93,24.75,77.84
instrument_22tm3p1.csv:22,2024-02-04T17:30:05Z,26.1,25.46,25.25,77.08
instrument_22tm3p1.csv:22,2024-02-04T17:45:05Z,26.04,25.37,25.12,75.31
instrument_22tm3p1.csv:22,2024-02-04T18:00:02Z,24.62,24.01,23.81,79.15
instrument_22tm3p1.csv:22,2024-02-04T18:15:04Z,21.21,20.88,20.56,85.82
instrument_22tm3p1.csv:22,2024-02-04T18:30:04Z,20.38,19.68,19.5,94.6
instrument_22tm3p1.csv:22,2024-02-04T18:45:02Z,20.75,20.19,20,95.21
instrument_22tm3p1.csv:22,2024-02-04T19:00:05Z,20.65,20.05,19.88,94.29
instrument_22tm3p1.csv:22,2024-02-04T19:15:03Z,20.61,19.96,19.75,95.56
instrument_22tm3p1.csv:22,2024-02-04T19:30:03Z,20.4,19.88,19.62,94.19
instrument_22tm3p1.csv:22,2024-02-04T19:45:02Z,20.51,20.08,19.75,92.74
instrument_22tm3p1.csv:22,2024-02-04T20:00:04Z,20.99,20.7,20.38,93.35
instrument_22tm3p1.csv:22,2024-02-04T20:15:05Z,21.57,21.15,20.88,94.25
instrument_22tm3p1.csv:22,2024-02-04T20:30:04Z,21.93,21.5,21.19,93.96
instrument_22tm3p1.csv:22,2024-02-04T20:45:04Z,22.06,21.6,21.38,93.78
instrument_22tm3p1.csv:22,2024-02-04T21:00:04Z,22.07,21.45,21.25,94.62
instrument_22tm3p1.csv:22,2024-02-04T21:15:03Z,21.95,21.26,21.12,94.67
instrument_22tm3p1.csv:22,2024-02-04T21:30:05Z,21.95,21.33,21.12,95.16
instrument_22tm3p1.csv:22,2024-02-04T21:45:03Z,21.94,21.28,21.06,95.63
instrument_22tm3p1.csv:22,2024-02-04T22:00:03Z,21.56,20.94,20.75,94.59
instrument_22tm3p1.csv:22,2024-02-04T22:15:03Z,21.41,20.81,20.56,94.59
instrument_22tm3p1.csv:22,2024-02-04T22:30:03Z,21.4,20.75,20.5,94.74
instrument_22tm3p1.csv:22,2024-02-04T22:45:04Z,21.31,20.65,20.44,95.11
instrument_22tm3p1.csv:22,2024-02-04T23:00:03Z,21.52,20.88,20.56,96.05
instrument_22tm3p1.csv:22,2024-02-04T23:15:04Z,21.78,21.08,20.81,96.52
instrument_22tm3p1.csv:22,2024-02-04T23:30:03Z,22.05,21.42,21.06,96.37
instrument_22tm3p1.csv:22,2024-02-04T23:45:03Z,21.69,21.08,20.81,94.14
instrument_23tm3p1.csv:23,2024-02-04T08:00:02Z,28.17,27.66,28.19,53.87
instrument_23tm3p1.csv:23,2024-02-04T08:15:03Z,28.43,27.97,28.44,54.57
instrument_23tm3p1.csv:23,2024-02-04T08:30:03Z,28.98,28.64,28.94,51.06
instrument_23tm3p1.csv:23,2024-02-04T08:45:03Z,29.15,28.88,29.12,54.05
instrument_23tm3p1.csv:23,2024-02-04T09:00:04Z,29.35,29.15,29.44,51.44
instrument_23tm3p1.csv:23,2024-02-04T09:15:02Z,29.8,29.3,29.69,58.48
instrument_23tm3p1.csv:23,2024-02-04T09:30:03Z,29.8,29.77,29.56,47.26
instrument_23tm3p1.csv:23,2024-02-04T09:45:04Z,29.35,29.4,29.25,53.27
instrument_23tm3p1.csv:23,2024-02-04T10:00:02Z,29.91,29.66,29.56,50.47
instrument_23tm3p1.csv:23,2024-02-04T10:15:04Z,29.97,29.94,29.69,44.14
instrument_23tm3p1.csv:23,2024-02-04T10:30:02Z,30.19,30.15,29.88,46.96
instrument_23tm3p1.csv:23,2024-02-04T10:45:03Z,30.73,30.56,30.38,47.97
instrument_23tm3p1.csv:23,2024-02-04T11:00:04Z,30.55,30.45,30.31,47.86
instrument_23tm3p1.csv:23,2024-02-04T11:15:02Z,30.64,30.49,30.38,51.34
instrument_23tm3p1.csv:23,2024-02-04T11:30:04Z,30.21,30.04,30,49.77
instrument_23tm3p1.csv:23,2024-02-04T11:45:02Z,30.66,30.43,30.38,46.5
instrument_23tm3p1.csv:23,2024-02-04T12:00:03Z,30.36,30.14,30.19,47.31
instrument_23tm3p1.csv:23,2024-02-04T12:15:04Z,31,30.66,30.69,46.14
instrument_23tm3p1.csv:23,2024-02-04T12:30:02Z,30.36,29.97,30.12,51.94
instrument_23tm3p1.csv:23,2024-02-04T12:45:03Z,30.75,30.31,30.44,50.07
instrument_23tm3p1.csv:23,2024-02-04T12:47:08Z,30.86,30.4,30.56,50.53
instrument_23tm3p1.csv:23,2024-02-04T12:50:41Z,30.56,30.08,30.38,48.88
instrument_23tm3p1.csv:23,2024-02-04T13:00:02Z,30.29,29.89,30.12,48.1
instrument_23tm3p1.csv:23,2024-02-04T13:15:04Z,30.2,29.71,29.88,46.33
instrument_23tm3p1.csv:23,2024-02-04T13:30:03Z,30.39,29.91,30.12,48.5
instrument_23tm3p1.csv:23,2024-02-04T13:45:03Z,30.4,29.92,30.12,48.32
instrument_23tm3p1.csv:23,2024-02-04T14:00:04Z,30.39,30.06,30.12,48.62
instrument_23tm3p1.csv:23,2024-02-04T14:15:02Z,30.38,29.94,30.19,47.23
instrument_23tm3p1.csv:23,2024-02-04T14:30:04Z,28.64,28.31,28.19,55.42
instrument_23tm3p1.csv:23,2024-02-04T14:45:02Z,27.95,27.55,27.56,65.16
instrument_23tm3p1.csv:23,2024-02-04T15:00:03Z,27.18,26.7,26.75,67.92
instrument_23tm3p1.csv:23,2024-02-04T15:15:03Z,24.7,23.74,24.25,76.02
instrument_23tm3p1.csv:23,2024-02-04T15:30:02Z,22.14,21.45,21.38,86.94
instrument_23tm3p1.csv:23,2024-02-04T15:45:04Z,22.36,21.66,21.62,84.06
instrument_23tm3p1.csv:23,2024-02-04T16:00:02Z,22.49,21.89,21.75,86.35
instrument_23tm3p1.csv:23,2024-02-04T16:15:04Z,22.19,21.65,21.5,86.57
instrument_23tm3p1.csv:23,2024-02-04T16:30:02Z,22.18,21.66,21.56,85.03
instrument_23tm3p1.csv:23,2024-02-04T16:45:04Z,22.31,21.75,21.62,87.04
instrument_23tm3p1.csv:23,2024-02-04T17:00:02Z,22.43,21.89,21.81,87.57
instrument_23tm3p1.csv:23,2024-02-04T17:15:03Z,22.45,21.93,21.88,84.12
instrument_23tm3p1.csv:23,2024-02-04T17:30:02Z,22.6,22.21,22,83.22
instrument_23tm3p1.csv:23,2024-02-04T17:45:03Z,22.94,22.33,22.25,85.31
instrument_23tm3p1.csv:23,2024-02-04T18:00:03Z,22.42,22,21.88,85.48
instrument_23tm3p1.csv:23,2024-02-04T18:15:03Z,22.53,21.94,21.88,84.08
instrument_23tm3p1.csv:23,2024-02-04T18:30:03Z,22.42,21.89,21.81,83.98
instrument_23tm3p1.csv:23,2024-02-04T18:45:02Z,22.23,21.53,21.44,86.49
instrument_23tm3p1.csv:23,2024-02-04T19:00:04Z,22.11,21.62,21.5,86.5
instrument_23tm3p1.csv:23,2024-02-04T19:15:02Z,22.55,22.04,21.81,87.39
instrument_23tm3p1.csv:23,2024-02-04T19:30:03Z,22.32,21.59,21.38,88.21
instrument_23tm3p1.csv:23,2024-02-04T19:45:04Z,21.95,21.35,21.19,89.37
instrument_23tm3p1.csv:23,2024-02-04T20:00:02Z,21.84,21.31,21.19,88.31
instrument_23tm3p1.csv:23,2024-02-04T20:15:04Z,21.76,21.15,21,86.95
instrument_23tm3p1.csv:23,2024-02-04T20:30:02Z,21.49,20.94,20.81,88.89
instrument_23tm3p1.csv:23,2024-02-04T20:45:03Z,21.52,21.03,20.81,88.42
instrument_23tm3p1.csv:23,2024-02-04T21:00:03Z,21.54,21.01,20.88,87.44
instrument_23tm3p1.csv:23,2024-02-04T21:15:03Z,21.46,20.94,20.75,87.72
instrument_23tm3p1.csv:23,2024-02-04T21:30:04Z,21.33,20.84,20.69,86.88
instrument_23tm3p1.csv:23,2024-02-04T21:45:02Z,20.94,20.37,20.25,87.82
instrument_23tm3p1.csv:23,2024-02-04T22:00:04Z,20.66,19.96,19.81,89.44
instrument_23tm3p1.csv:23,2024-02-04T22:15:02Z,20.8,20.33,20.19,88.72
instrument_23tm3p1.csv:23,2024-02-04T22:30:04Z,21.2,20.77,20.62,87.51
instrument_23tm3p1.csv:23,2024-02-04T22:45:02Z,21.35,20.77,20.62,88.94
instrument_23tm3p1.csv:23,2024-02-04T23:00:04Z,21.24,20.6,20.56,89.01
instrument_23tm3p1.csv:23,2024-02-04T23:15:02Z,21.37,20.8,20.5,87.35
instrument_23tm3p1.csv:23,2024-02-04T23:30:04Z,21.03,20.46,20.19,89.43
instrument_23tm3p1.csv:23,2024-02-04T23:45:02Z,20.85,20.33,20.19,89.64
instrument_24tm3p1.csv:24,2024-02-04T08:00:03Z,24.96,23.94,23.94,53.62
instrument_24tm3p1.csv:24,2024-02-04T08:15:03Z,25.11,24.75,24.44,55.91
instrument_24tm3p1.csv:24,2024-02-04T08:30:03Z,25.26,24.37,24.56,50.97
instrument_24tm3p1.csv:24,2024-02-04T08:45:03Z,25.26,25.06,24.62,50.01
instrument_24tm3p1.csv:24,2024-02-04T09:00:02Z,25.95,25.54,25.19,49.52
instrument_24tm3p1.csv:24,2024-02-04T09:15:02Z,26.18,26.09,25.62,48.58
instrument_24tm3p1.csv:24,2024-02-04T09:30:02Z,25.92,25.77,25.31,43.97
instrument_24tm3p1.csv:24,2024-02-04T09:45:02Z,26.52,26.23,25.88,43.75
instrument_24tm3p1.csv:24,2024-02-04T10:00:02Z,26.66,26.65,26.12,42.63
instrument_24tm3p1.csv:24,2024-02-04T10:15:02Z,26.73,26.65,26.25,42.31
instrument_24tm3p1.csv:24,2024-02-04T10:30:02Z,26.97,26.92,26.38,39.44
instrument_24tm3p1.csv:24,2024-02-04T10:45:02Z,27.25,26.92,26.44,36.63
instrument_24tm3p1.csv:24,2024-02-04T11:00:02Z,27.1,26.87,26.31,37.5
instrument_24tm3p1.csv:24,2024-02-04T11:15:02Z,27.49,27.32,26.81,38.51
instrument_24tm3p1.csv:24,2024-02-04T11:30:02Z,27.47,27.29,26.88,36.34
instrument_24tm3p1.csv:24,2024-02-04T11:45:02Z,27.55,27.59,27,38.33
instrument_24tm3p1.csv:24,2024-02-04T12:00:02Z,27.43,27.49,26.88,38.67
instrument_24tm3p1.csv:24,2024-02-04T12:15:02Z,27.34,27.29,26.75,42.04
instrument_24tm3p1.csv:24,2024-02-04T12:30:02Z,27.48,27.21,26.81,41.75
instrument_24tm3p1.csv:24,2024-02-04T12:45:02Z,27.48,27.23,26.69,41.62
instrument_24tm3p1.csv:24,2024-02-04T13:00:02Z,27.11,26.99,26.5,40.69
instrument_24tm3p1.csv:24,2024-02-04T13:15:02Z,27.16,26.99,26.5,38.76
instrument_24tm3p1.csv:24,2024-02-04T13:30:02Z,26.77,26.7,26.12,40.22
instrument_24tm3p1.csv:24,2024-02-04T13:45:02Z,26.75,26.61,26,40.12
instrument_24tm3p1.csv:24,2024-02-04T14:00:02Z,26.32,26.16,25.62,40.29
instrument_24tm3p1.csv:24,2024-02-04T14:15:04Z,26.19,26.03,25.5,40.23
instrument_24tm3p1.csv:24,2024-02-04T14:30:03Z,26.06,26.06,25.44,42.16
instrument_24tm3p1.csv:24,2024-02-04T14:45:03Z,25.62,25.54,25,41.9
instrument_24tm3p1.csv:24,2024-02-04T15:00:03Z,25.29,25.3,24.69,44.46
instrument_24tm3p1.csv:24,2024-02-04T15:15:04Z,24.71,24.62,24.19,46.09
instrument_24tm3p1.csv:24,2024-02-04T15:30:03Z,24.04,23.86,23.56,48.35
instrument_24tm3p1.csv:24,2024-02-04T15:45:03Z,23.21,23.03,22.81,52.33
instrument_24tm3p1.csv:24,2024-02-04T16:00:03Z,22.65,22.42,22.25,53.35
instrument_24tm3p1.csv:24,2024-02-04T16:15:03Z,22.62,22.39,22.31,53.84
instrument_24tm3p1.csv:24,2024-02-04T16:30:03Z,22.2,22.02,21.81,55.72
instrument_24tm3p1.csv:24,2024-02-04T16:45:03Z,21.6,21.46,21.19,57.82
instrument_24tm3p1.csv:24,2024-02-04T17:00:03Z,20.92,20.71,20.5,61.92
instrument_24tm3p1.csv:24,2024-02-04T17:15:03Z,19.73,19.57,19.38,67.31
instrument_24tm3p1.csv:24,2024-02-04T17:30:03Z,19.27,19.06,18.88,69.81
instrument_24tm3p1.csv:24,2024-02-04T17:45:03Z,19.01,18.82,18.62,71.05
instrument_24tm3p1.csv:24,2024-02-04T18:00:03Z,19.08,18.85,18.44,70.29
instrument_24tm3p1.csv:24,2024-02-04T18:15:03Z,18.32,18.03,17.81,74.11
instrument_24tm3p1.csv:24,2024-02-04T18:30:02Z,17.66,17.41,17.31,76.92
instrument_24tm3p1.csv:24,2024-02-04T18:45:02Z,17.71,17.46,17.31,76.81
instrument_24tm3p1.csv:24,2024-02-04T19:00:02Z,17.16,16.9,16.81,79.28
instrument_24tm3p1.csv:24,2024-02-04T19:15:02Z,16.7,16.45,16.25,80.8
instrument_24tm3p1.csv:24,2024-02-04T19:30:02Z,16.28,16.04,15.94,82.78
instrument_24tm3p1.csv:24,2024-02-04T19:45:02Z,16.07,15.8,15.62,83
instrument_24tm3p1.csv:24,2024-02-04T20:00:02Z,15.57,15.27,15.12,85.39
instrument_24tm3p1.csv:24,2024-02-04T20:15:02Z,15.25,15.01,14.88,86.04
instrument_24tm3p1.csv:24,2024-02-04T20:30:02Z,14.84,14.56,14.44,88.13
instrument_24tm3p1.csv:24,2024-02-04T20:45:02Z,14.81,14.52,14.38,88.23
instrument_24tm3p1.csv:24,2024-02-04T21:00:02Z,14.51,14.24,14.12,89.84
instrument_24tm3p1.csv:24,2024-02-04T21:15:03Z,14.41,14.14,13.94,89.69
instrument_24tm3p1.csv:24,2024-02-04T21:30:03Z,14.05,13.8,13.62,90.33
instrument_24tm3p1.csv:24,2024-02-04T21:45:03Z,13.8,13.5,13.38,91.33
instrument_24tm3p1.csv:24,2024-02-04T22:00:03Z,13.72,13.39,13.25,92.21
instrument_24tm3p1.csv:24,2024-02-04T22:15:03Z,13.45,13.13,12.94,92.08
instrument_24tm3p1.csv:24,2024-02-04T22:30:03Z,13.32,13.03,12.81,92.51
instrument_24tm3p1.csv:24,2024-02-04T22:45:03Z,13.46,13.18,12.94,91.71
instrument_24tm3p1.csv:24,2024-02-04T23:00:03Z,13.28,12.96,12.75,92.04
instrument_24tm3p1.csv:24,2024-02-04T23:15:03Z,13.12,12.84,12.56,92.32
instrument_24tm3p1.csv:24,2024-02-04T23:30:03Z,12.99,12.68,12.44,92.12
instrument_24tm3p1.csv:24,2024-02-04T23:45:03Z,12.79,12.48,12.25,92.2
